NCM;Exp_jan;Imp_jan;Net_jan;Exp_fev;Imp_fev;Net_fev;Exp_mar;Imp_mar;Net_mar;Exp_abr;Imp_abr;Net_abr;Exp_mai;Imp_mai;Net_mai;Exp_jun;Imp_jun;Net_jun;Exp_jul;Imp_jul;Net_jul;Exp_ago;Imp_ago;Net_ago;Exp_set;Imp_set;Net_set;Exp_out;Imp_out;Net_out;Exp_nov;Imp_nov;Net_nov;Exp_dez;Imp_dez;Net_dez;Exp_total;Imp_total;Net_total
39235000;0;0;0;0;0;0;0;344;-344;0;0;0;0;0;0;0;0;0;0;0;0;0;0;0;0;0;0;0;0;0;0;119136;-119136;0;0;0;0;119480;-119480
90328982;0;0;0;0;14349;-14349;0;0;0;0;975;-975;0;5534;-5534;0;0;0;0;3172;-3172;0;0;0;0;0;0;0;0;0;0;4960;-4960;0;0;0;0;28990;-28990
29319049;0;0;0;0;0;0;0;0;0;0;45482;-45482;0;0;0;0;0;0;0;0;0;0;0;0;0;0;0;0;0;0;0;44653;-44653;0;0;0;0;90135;-90135
84519090;0;0;0;0;483;-483;0;2383;-2383;0;0;0;0;0;0;0;3153;-3153;0;0;0;0;196;-196;0;0;0;0;0;0;0;210;-210;0;0;0;0;6425;-6425
85444200;0;232023;-232023;0;116292;-116292;0;76439;-76439;0;135691;-135691;0;215577;-215577;0;10384;-10384;0;59437;-59437;0;38451;-38451;0;337082;-337082;0;130248;-130248;0;82634;-82634;0;129088;-129088;0;1563346;-1563346
59090000;0;999;-999;0;2424;-2424;0;1483;-1483;0;982;-982;0;1489;-1489;0;524;-524;0;0;0;0;0;0;0;1626;-1626;0;581;-581;0;700;-700;0;15347;-15347;0;26155;-26155
85389090;0;467560;-467560;130;371963;-371833;36;644081;-644045;0;345989;-345989;0;626067;-626067;212;115758;-115546;20;101457;-101437;0;90049;-90049;14;307046;-307032;0;108195;-108195;0;168083;-168083;0;359533;-359533;412;3705781;-3705369
84212100;0;0;0;0;0;0;0;0;0;0;0;0;0;0;0;0;653;-653;0;0;0;0;0;0;0;5394;-5394;0;0;0;0;549;-549;0;0;0;0;6596;-6596
55032090;0;190984;-190984;0;196242;-196242;0;183002;-183002;0;181732;-181732;0;226093;-226093;0;149150;-149150;0;56906;-56906;0;126121;-126121;7150;585223;-578073;0;406780;-406780;0;316860;-316860;0;450471;-450471;7150;3069564;-3062414
84483917;0;77850;-77850;0;0;0;0;2290;-2290;0;0;0;0;0;0;0;199573;-199573;0;0;0;0;0;0;0;1840;-1840;0;11515;-11515;0;21111;-21111;0;1220;-1220;0;315399;-315399
84829990;0;0;0;0;0;0;0;0;0;0;0;0;0;0;0;0;0;0;0;0;0;0;0;0;0;0;0;0;254;-254;0;5293;-5293;0;36;-36;0;5583;-5583
74122000;0;0;0;0;0;0;0;0;0;0;0;0;0;0;0;0;0;0;0;0;0;0;0;0;0;0;0;0;1015;-1015;0;73;-73;0;0;0;0;1088;-1088
73182200;0;0;0;0;13;-13;0;85;-85;0;0;0;0;94;-94;0;39;-39;0;12;-12;0;7;-7;0;3;-3;0;151;-151;0;2381;-2381;0;0;0;0;2785;-2785
85044030;0;0;0;0;0;0;0;0;0;0;0;0;0;0;0;0;0;0;0;0;0;0;0;0;0;244;-244;0;244;-244;0;0;0;0;0;0;0;488;-488
85444900;0;249538;-249538;0;96475;-96475;0;175764;-175764;0;60197;-60197;0;145082;-145082;0;10349;-10349;0;0;0;0;9872;-9872;0;48548;-48548;0;51834;-51834;0;87925;-87925;0;196780;-196780;0;1132364;-1132364
84834090;0;6139;-6139;0;2964;-2964;0;19;-19;0;13224;-13224;0;0;0;0;1856;-1856;0;9529;-9529;0;4480;-4480;0;1493;-1493;0;20602;-20602;0;16337;-16337;0;0;0;0;76643;-76643
84805000;0;0;0;0;0;0;0;0;0;0;0;0;0;0;0;0;28368;-28368;0;0;0;0;5147;-5147;0;192674;-192674;0;31796;-31796;0;0;0;0;12663;-12663;0;270648;-270648
54075400;0;0;0;0;97205;-97205;0;0;0;0;0;0;0;85651;-85651;0;187830;-187830;0;0;0;0;81927;-81927;1163;0;1163;0;384042;-384042;0;116064;-116064;0;172090;-172090;1163;1124809;-1123646
84714190;0;0;0;0;0;0;0;0;0;0;0;0;0;0;0;0;0;0;0;0;0;0;0;0;0;0;0;0;3502;-3502;0;0;0;0;1845;-1845;0;5347;-5347
85365090;0;2045;-2045;0;1095;-1095;0;13084;-13084;0;0;0;0;2348;-2348;0;510;-510;0;203;-203;0;3528;-3528;0;5558;-5558;0;3101;-3101;0;5764;-5764;0;1528;-1528;0;38764;-38764
84733099;0;0;0;0;0;0;0;0;0;0;0;0;0;0;0;0;0;0;0;0;0;0;0;0;0;0;0;0;3922;-3922;0;0;0;0;0;0;0;3922;-3922
94054090;0;0;0;0;0;0;0;1012;-1012;0;0;0;0;0;0;0;0;0;0;79159;-79159;0;44100;-44100;0;0;0;0;14746;-14746;0;67671;-67671;0;0;0;0;206688;-206688
73181900;0;0;0;0;150;-150;0;0;0;0;7231;-7231;0;0;0;0;1718;-1718;0;0;0;0;147;-147;0;254;-254;0;8193;-8193;0;1535;-1535;0;0;0;0;19228;-19228
84879000;0;0;0;0;0;0;0;3;-3;0;0;0;0;0;0;0;285;-285;0;0;0;0;0;0;0;0;0;0;9;-9;0;0;0;0;134;-134;0;431;-431
20057000;0;34402;-34402;0;0;0;0;0;0;0;116693;-116693;0;18965;-18965;0;0;0;0;103549;-103549;0;27387;-27387;0;106241;-106241;0;0;0;0;38566;-38566;0;232844;-232844;0;678647;-678647
85119000;0;0;0;0;0;0;0;27567;-27567;0;0;0;0;0;0;0;0;0;0;0;0;0;0;0;0;4806;-4806;0;0;0;0;46435;-46435;0;22226;-22226;0;101034;-101034
73182900;0;75;-75;170;1052;-882;0;1644;-1644;0;0;0;0;0;0;0;21;-21;0;60;-60;0;0;0;0;2799;-2799;0;490;-490;0;1800;-1800;0;58;-58;170;7999;-7829
84099112;0;0;0;0;0;0;0;0;0;0;0;0;0;0;0;0;0;0;0;0;0;0;0;0;0;9363;-9363;0;0;0;0;0;0;0;0;0;0;9363;-9363
87149490;0;0;0;0;0;0;0;0;0;0;0;0;0;0;0;0;0;0;0;0;0;0;0;0;0;1196;-1196;0;0;0;0;0;0;0;0;0;0;1196;-1196
85322410;0;0;0;0;0;0;0;2070;-2070;0;0;0;0;1734;-1734;0;13104;-13104;0;0;0;0;6228;-6228;0;12337;-12337;0;0;0;0;0;0;0;0;0;0;35473;-35473
55032010;0;0;0;0;22320;-22320;0;0;0;0;69732;-69732;0;21771;-21771;0;0;0;0;0;0;0;0;0;0;47090;-47090;0;0;0;0;38044;-38044;0;0;0;0;198957;-198957
85369090;0;458806;-458806;56;564336;-564280;22;492976;-492954;0;399580;-399580;0;566552;-566552;4188;153639;-149451;0;63168;-63168;1539;153549;-152010;104;291408;-291304;154;156042;-155888;0;204919;-204919;0;411593;-411593;6063;3916568;-3910505
39173290;0;3595;-3595;0;2222;-2222;0;5157;-5157;0;2896;-2896;0;4037;-4037;0;618;-618;0;201;-201;0;966;-966;0;7323;-7323;0;3339;-3339;0;2849;-2849;0;7771;-7771;0;40974;-40974
85381000;0;18503;-18503;0;64268;-64268;0;87073;-87073;0;0;0;0;78163;-78163;0;345;-345;0;30731;-30731;0;1240;-1240;0;1381;-1381;0;447;-447;0;6670;-6670;0;94294;-94294;0;383115;-383115
39269090;57;293389;-293332;0;161532;-161532;27;314795;-314768;0;220479;-220479;183;350191;-350008;32;86502;-86470;0;37499;-37499;0;116400;-116400;3;203659;-203656;0;170513;-170513;0;162933;-162933;504;335859;-335355;806;2453751;-2452945
95069900;0;0;0;0;0;0;0;0;0;0;0;0;0;0;0;0;0;0;0;0;0;0;60472;-60472;0;135791;-135791;0;165393;-165393;0;66969;-66969;0;0;0;0;428625;-428625
40169990;0;88319;-88319;0;48864;-48864;0;87790;-87790;0;50838;-50838;0;76819;-76819;10;2362;-2352;0;9166;-9166;0;19380;-19380;0;76563;-76563;0;78794;-78794;0;30040;-30040;0;45365;-45365;10;614300;-614290
70199090;0;0;0;0;0;0;0;0;0;0;0;0;0;0;0;0;0;0;0;0;0;0;0;0;0;0;0;0;372;-372;0;0;0;0;0;0;0;372;-372
84137090;0;0;0;0;0;0;0;58306;-58306;0;0;0;0;77197;-77197;0;0;0;0;101907;-101907;0;5498;-5498;0;0;0;0;0;0;0;12033;-12033;0;0;0;0;254941;-254941
85015310;0;0;0;0;0;0;0;40861;-40861;0;0;0;0;19794;-19794;0;9873;-9873;0;66507;-66507;0;0;0;53029;0;53029;0;0;0;0;7228;-7228;0;0;0;53029;144263;-91234
85371090;0;27590;-27590;0;56306;-56306;0;94197;-94197;0;6742;-6742;0;65380;-65380;0;967;-967;0;16847;-16847;0;12614;-12614;0;34;-34;0;48857;-48857;0;22780;-22780;0;83727;-83727;0;436041;-436041
49119900;0;0;0;0;0;0;0;0;0;0;0;0;0;4410;-4410;0;6;-6;0;0;0;0;0;0;0;0;0;0;0;0;0;0;0;0;0;0;0;4416;-4416
84759000;0;0;0;0;24341;-24341;0;19131;-19131;0;0;0;0;4152;-4152;0;10350;-10350;0;51484;-51484;0;3339;-3339;0;17900;-17900;0;36791;-36791;0;20179;-20179;0;0;0;0;187667;-187667
84733041;0;0;0;0;0;0;0;0;0;0;0;0;0;1675;-1675;0;0;0;0;0;0;0;0;0;0;0;0;0;0;0;0;0;0;0;0;0;0;1675;-1675
85361000;0;4004;-4004;0;9745;-9745;0;10537;-10537;0;16668;-16668;0;1793;-1793;9;2851;-2842;0;85;-85;0;5;-5;0;918;-918;0;180;-180;0;8479;-8479;0;9874;-9874;9;65139;-65130
39173900;0;898;-898;0;301;-301;0;906;-906;0;0;0;0;879;-879;0;933;-933;0;0;0;0;0;0;0;1012;-1012;0;0;0;0;2045;-2045;0;0;0;0;6974;-6974
39211390;0;258320;-258320;0;71835;-71835;0;14498;-14498;0;0;0;0;0;0;0;40582;-40582;0;44504;-44504;0;0;0;0;15349;-15349;0;3144;-3144;0;222495;-222495;0;44872;-44872;0;715599;-715599
83089010;0;3968;-3968;0;0;0;0;0;0;0;1191;-1191;0;0;0;0;0;0;0;0;0;0;0;0;0;0;0;0;0;0;0;0;0;0;0;0;0;5159;-5159
73239300;0;0;0;0;24886;-24886;0;8668;-8668;0;9826;-9826;0;2365;-2365;0;0;0;0;22024;-22024;0;14725;-14725;0;5444;-5444;0;0;0;0;39970;-39970;0;10398;-10398;0;138306;-138306
84818099;0;1994911;-1994911;0;3321;-3321;0;4317;-4317;0;0;0;0;4301;-4301;0;2305;-2305;0;16361;-16361;0;5786;-5786;0;0;0;0;594;-594;0;774458;-774458;0;336;-336;0;2806690;-2806690
84799090;0;0;0;0;4539;-4539;0;317;-317;0;0;0;0;0;0;0;3400;-3400;0;4949;-4949;0;0;0;0;0;0;0;3063;-3063;0;138;-138;0;426;-426;0;16832;-16832
84149032;0;0;0;0;0;0;0;2839;-2839;0;0;0;0;0;0;0;0;0;0;0;0;0;2674;-2674;0;0;0;0;0;0;0;0;0;0;0;0;0;5513;-5513
42021210;0;0;0;0;1432;-1432;0;0;0;0;9624;-9624;0;0;0;0;24308;-24308;0;0;0;0;38950;-38950;0;30420;-30420;0;0;0;0;0;0;0;28951;-28951;0;133685;-133685
85364100;0;8605;-8605;0;26033;-26033;0;20548;-20548;0;25182;-25182;0;318;-318;0;0;0;0;338;-338;0;1568;-1568;0;23508;-23508;0;1231;-1231;0;3111;-3111;0;357;-357;0;110799;-110799
85044090;0;22742;-22742;0;532;-532;0;630;-630;0;0;0;0;19123;-19123;0;10120;-10120;0;593;-593;0;0;0;0;0;0;0;2953;-2953;0;1846;-1846;0;0;0;0;58539;-58539
85442000;0;52356;-52356;0;21778;-21778;0;38165;-38165;0;20001;-20001;0;42083;-42083;0;10767;-10767;0;4349;-4349;0;5060;-5060;0;65233;-65233;0;18355;-18355;0;13435;-13435;0;24310;-24310;0;315892;-315892
87082999;0;0;0;0;0;0;0;704;-704;0;0;0;0;0;0;0;698;-698;0;701;-701;0;677;-677;0;698;-698;0;0;0;0;717;-717;0;742;-742;0;4937;-4937
40103900;0;0;0;0;10007;-10007;0;5678;-5678;0;0;0;0;0;0;0;0;0;0;0;0;0;0;0;0;7769;-7769;0;6572;-6572;0;4919;-4919;0;30;-30;0;34975;-34975
73044110;0;0;0;0;0;0;0;538;-538;0;0;0;0;0;0;0;0;0;0;2353;-2353;0;0;0;0;0;0;0;0;0;0;0;0;0;0;0;0;2891;-2891
29039110;0;19972;-19972;0;0;0;0;24773;-24773;0;0;0;0;0;0;0;25694;-25694;0;0;0;0;0;0;0;0;0;0;0;0;0;0;0;0;0;0;0;70439;-70439
25280000;0;0;0;0;0;0;0;28362;-28362;0;0;0;0;0;0;0;0;0;0;0;0;0;0;0;0;0;0;0;0;0;0;0;0;0;0;0;0;28362;-28362
85052090;0;0;0;0;0;0;0;0;0;0;0;0;0;0;0;0;0;0;0;0;0;0;0;0;0;0;0;0;0;0;0;0;0;0;2608;-2608;0;2608;-2608
48239099;0;0;0;0;0;0;0;166;-166;0;0;0;0;28;-28;0;122;-122;0;0;0;0;369;-369;0;0;0;0;137;-137;0;917;-917;0;275;-275;0;2014;-2014
39174090;0;4331;-4331;0;3332;-3332;0;2413;-2413;0;2356;-2356;0;5682;-5682;0;73;-73;0;0;0;0;0;0;0;4673;-4673;0;4080;-4080;0;2295;-2295;0;4773;-4773;0;34008;-34008
85311010;0;0;0;0;0;0;0;0;0;0;0;0;0;0;0;0;0;0;0;0;0;0;0;0;0;0;0;0;0;0;0;4072;-4072;0;8710;-8710;0;12782;-12782
84716052;0;0;0;0;0;0;0;0;0;0;0;0;0;0;0;0;0;0;0;0;0;0;0;0;0;0;0;0;0;0;0;0;0;0;6644;-6644;0;6644;-6644
84749000;0;0;0;0;0;0;0;1505;-1505;0;11650;-11650;0;0;0;0;0;0;0;0;0;0;0;0;0;2037;-2037;0;0;0;0;0;0;0;454;-454;0;15646;-15646
85443000;0;0;0;0;0;0;0;0;0;0;0;0;1304;0;1304;17069;0;17069;23706;2184;21522;32246;0;32246;7589;0;7589;0;0;0;25367;32123;-6756;0;227;-227;107281;34534;72747
73181600;0;3069;-3069;0;4484;-4484;0;2655;-2655;0;6102;-6102;0;2390;-2390;4;4005;-4001;0;672;-672;0;3541;-3541;0;7443;-7443;0;2606;-2606;0;7045;-7045;0;133;-133;4;44145;-44141
73209000;0;0;0;0;0;0;0;1124;-1124;0;1805;-1805;0;0;0;0;116;-116;0;103;-103;0;1836;-1836;0;0;0;0;2799;-2799;0;37;-37;0;63;-63;0;7883;-7883
84814000;0;17302;-17302;0;0;0;0;0;0;0;0;0;0;0;0;0;0;0;0;0;0;0;635;-635;0;0;0;0;0;0;0;2539;-2539;0;697;-697;0;21173;-21173
84798999;0;10440;-10440;0;31550;-31550;0;38476;-38476;0;93975;-93975;0;93412;-93412;0;610;-610;0;0;0;0;0;0;888;0;888;0;0;0;0;105663;-105663;0;0;0;888;374126;-373238
84212300;0;0;0;0;21;-21;0;2626;-2626;0;0;0;0;37;-37;0;329;-329;0;0;0;0;0;0;0;1429;-1429;0;0;0;0;104;-104;0;48;-48;0;4594;-4594
39241000;0;0;0;0;25901;-25901;0;23007;-23007;0;9203;-9203;0;15835;-15835;0;0;0;0;1296;-1296;0;0;0;0;0;0;0;0;0;0;0;0;0;0;0;0;75242;-75242
40161010;0;0;0;0;0;0;0;0;0;0;0;0;0;0;0;0;30;-30;0;0;0;0;0;0;0;0;0;0;0;0;0;0;0;0;0;0;0;30;-30
85113020;0;997;-997;0;0;0;0;0;0;0;0;0;0;0;0;0;0;0;0;0;0;0;0;0;0;0;0;0;0;0;0;1551;-1551;0;0;0;0;2548;-2548
62033300;0;0;0;0;105198;-105198;0;0;0;0;0;0;0;0;0;0;0;0;0;0;0;0;0;0;0;0;0;0;0;0;0;0;0;0;0;0;0;105198;-105198
90248090;0;0;0;0;1018;-1018;0;0;0;0;0;0;0;0;0;0;0;0;0;974;-974;0;0;0;0;0;0;0;1254;-1254;0;0;0;0;0;0;0;3246;-3246
39172300;0;352;-352;0;455;-455;0;76;-76;0;487;-487;0;646;-646;0;235;-235;0;0;0;0;0;0;0;0;0;0;0;0;0;0;0;0;0;0;0;2251;-2251
84219199;0;1576;-1576;0;0;0;0;3256;-3256;0;0;0;0;0;0;0;0;0;0;0;0;0;0;0;0;139;-139;0;0;0;0;0;0;0;0;0;0;4971;-4971
82089000;0;0;0;0;0;0;0;0;0;0;0;0;0;0;0;0;2468;-2468;0;4508;-4508;0;3053;-3053;0;1309;-1309;0;2340;-2340;0;0;0;0;180;-180;0;13858;-13858
84669410;0;0;0;0;675;-675;0;0;0;0;0;0;0;0;0;0;519;-519;5390;766;4624;0;0;0;0;0;0;0;725;-725;0;0;0;0;43516;-43516;5390;46201;-40811
64061000;0;0;0;0;356753;-356753;0;532240;-532240;0;0;0;0;0;0;0;39435;-39435;0;0;0;0;0;0;0;0;0;0;0;0;0;36469;-36469;0;240;-240;0;965137;-965137
84842000;0;398;-398;0;657;-657;0;0;0;0;873;-873;0;0;0;0;0;0;0;0;0;0;0;0;894;0;894;0;0;0;0;778;-778;0;0;0;894;2706;-1812
85369010;0;0;0;0;0;0;0;0;0;0;0;0;0;0;0;0;0;0;0;0;0;0;0;0;0;0;0;0;0;0;0;39;-39;0;0;0;0;39;-39
40169300;0;12641;-12641;0;1011;-1011;0;17465;-17465;0;14932;-14932;0;3351;-3351;0;2662;-2662;0;1935;-1935;0;11529;-11529;0;9958;-9958;0;6848;-6848;0;17224;-17224;0;17334;-17334;0;116890;-116890
87141000;0;135744;-135744;0;0;0;0;428968;-428968;0;0;0;0;0;0;0;50592;-50592;0;87880;-87880;0;188467;-188467;0;100985;-100985;0;167660;-167660;0;52971;-52971;0;329944;-329944;0;1543211;-1543211
84831019;0;16134;-16134;0;0;0;0;0;0;0;0;0;0;0;0;0;0;0;0;0;0;0;15398;-15398;0;0;0;0;0;0;0;10252;-10252;0;0;0;0;41784;-41784
85177010;0;0;0;0;0;0;0;0;0;0;0;0;0;0;0;0;0;0;0;18796;-18796;0;0;0;0;0;0;0;0;0;0;0;0;0;0;0;0;18796;-18796
84219999;0;0;0;0;1290;-1290;0;0;0;0;0;0;0;0;0;0;470;-470;0;4607;-4607;0;0;0;0;0;0;0;1058;-1058;0;136;-136;0;58;-58;0;7619;-7619
84812090;0;0;0;1066;899;167;0;0;0;0;0;0;0;339;-339;0;865;-865;0;3502;-3502;0;0;0;0;678;-678;0;0;0;0;0;0;0;1016;-1016;1066;7299;-6233
84818019;0;0;0;0;0;0;0;0;0;735;7489;-6754;9120;14400;-5280;0;0;0;7260;14400;-7140;452;35608;-35156;3968;59403;-55435;0;0;0;739;0;739;9171;144430;-135259;31445;275730;-244285
85015290;0;0;0;0;0;0;0;0;0;0;29094;-29094;0;7295;-7295;0;0;0;0;0;0;0;3678;-3678;0;0;0;0;0;0;0;0;0;0;0;0;0;40067;-40067
22042100;0;0;0;0;10584;-10584;0;15479;-15479;0;0;0;0;0;0;0;5575;-5575;0;0;0;0;18184;-18184;0;19162;-19162;0;0;0;0;20046;-20046;0;6531;-6531;0;95561;-95561
63062990;0;0;0;0;0;0;0;0;0;0;0;0;0;0;0;0;0;0;0;0;0;0;12665;-12665;0;0;0;0;0;0;0;0;0;0;0;0;0;12665;-12665
73239900;0;10728;-10728;0;0;0;0;0;0;0;0;0;0;916;-916;0;0;0;0;17884;-17884;0;0;0;0;11195;-11195;0;24335;-24335;0;1841;-1841;0;0;0;0;66899;-66899
67021000;0;0;0;0;0;0;0;0;0;0;0;0;0;0;0;0;8318;-8318;0;0;0;0;0;0;0;0;0;0;0;0;0;5523;-5523;0;2574;-2574;0;16415;-16415
94049000;0;71762;-71762;0;14708;-14708;0;16965;-16965;0;0;0;0;0;0;0;6321;-6321;0;0;0;0;0;0;0;7338;-7338;0;0;0;0;12052;-12052;0;0;0;0;129146;-129146
94016100;0;0;0;0;0;0;0;0;0;0;0;0;0;0;0;0;0;0;0;0;0;0;0;0;0;0;0;0;0;0;0;3105;-3105;0;0;0;0;3105;-3105
84219910;0;0;0;0;912;-912;0;0;0;0;0;0;0;0;0;0;0;0;0;0;0;0;0;0;0;151;-151;0;58039;-58039;0;0;0;0;0;0;0;59102;-59102
39199090;0;0;0;0;0;0;0;0;0;0;0;0;0;0;0;0;0;0;0;0;0;0;0;0;0;0;0;0;6524;-6524;0;0;0;0;0;0;0;6524;-6524
84829910;0;0;0;0;0;0;0;0;0;0;0;0;0;0;0;0;0;0;0;0;0;0;0;0;0;0;0;0;0;0;0;456;-456;0;246;-246;0;702;-702
84811000;0;0;0;0;0;0;0;0;0;0;0;0;0;1122;-1122;0;650;-650;0;0;0;0;285;-285;285;3243;-2958;0;845;-845;0;0;0;0;6619;-6619;285;12764;-12479
85392110;0;1638;-1638;0;0;0;0;0;0;0;0;0;0;0;0;0;0;0;0;0;0;0;0;0;0;0;0;0;9257;-9257;0;0;0;0;9258;-9258;0;20153;-20153
84835090;0;0;0;0;0;0;0;0;0;0;0;0;0;0;0;0;0;0;0;6;-6;0;0;0;0;0;0;0;8349;-8349;0;0;0;0;0;0;0;8355;-8355
84129090;0;0;0;0;0;0;0;0;0;0;0;0;0;0;0;0;0;0;0;0;0;0;0;0;0;0;0;0;447;-447;0;0;0;0;0;0;0;447;-447
69120000;0;0;0;0;39620;-39620;0;0;0;0;0;0;0;0;0;0;37871;-37871;0;0;0;0;0;0;0;0;0;0;5936;-5936;0;1116;-1116;0;0;0;0;84543;-84543
31055900;0;0;0;0;0;0;0;0;0;0;0;0;0;0;0;0;1697716;-1697716;0;0;0;0;0;0;0;0;0;0;0;0;0;0;0;0;0;0;0;1697716;-1697716
83081000;0;0;0;0;0;0;0;0;0;0;0;0;0;0;0;0;0;0;0;0;0;0;0;0;0;1200;-1200;0;0;0;0;0;0;0;0;0;0;1200;-1200
85333110;0;11800;-11800;0;0;0;0;5605;-5605;0;0;0;0;5156;-5156;0;24186;-24186;0;17640;-17640;0;11800;-11800;0;18781;-18781;0;17517;-17517;0;5500;-5500;0;22833;-22833;0;140818;-140818
49119100;0;0;0;0;0;0;0;0;0;0;0;0;0;0;0;0;0;0;0;0;0;0;0;0;0;3182;-3182;0;0;0;0;0;0;0;0;0;0;3182;-3182
73159000;0;12;-12;0;0;0;0;0;0;0;0;0;0;0;0;0;0;0;0;11;-11;0;14;-14;0;4;-4;0;0;0;0;7;-7;0;0;0;0;48;-48
84123110;0;0;0;0;0;0;0;1235;-1235;0;925;-925;0;0;0;0;210;-210;0;0;0;0;0;0;0;508;-508;0;7095;-7095;0;2268;-2268;0;950;-950;0;13191;-13191
40091290;0;0;0;0;0;0;0;0;0;0;0;0;0;0;0;0;0;0;0;0;0;0;45;-45;0;87439;-87439;0;0;0;0;0;0;0;0;0;0;87484;-87484
39173300;0;10989;-10989;0;9272;-9272;0;7951;-7951;0;10873;-10873;0;10918;-10918;0;0;0;0;0;0;0;0;0;0;12636;-12636;0;18666;-18666;0;0;0;0;8006;-8006;0;89311;-89311
73181500;0;9293;-9293;0;1136;-1136;0;5988;-5988;0;20;-20;0;3144;-3144;0;204;-204;0;63;-63;0;257;-257;0;417;-417;0;5226;-5226;0;1298;-1298;0;5841;-5841;0;32887;-32887
84669490;0;3967;-3967;0;749;-749;0;2227;-2227;0;1120;-1120;0;3870;-3870;0;18785;-18785;0;2122;-2122;0;0;0;0;1652;-1652;0;14155;-14155;0;8945;-8945;0;4995;-4995;0;62587;-62587
85479000;0;0;0;0;0;0;0;0;0;0;0;0;0;341;-341;0;0;0;0;0;0;0;0;0;0;0;0;0;0;0;0;0;0;0;0;0;0;341;-341
15091000;0;47141;-47141;0;58632;-58632;0;142420;-142420;0;606;-606;0;43124;-43124;0;0;0;0;67692;-67692;0;43621;-43621;0;69738;-69738;0;114447;-114447;0;122452;-122452;0;69218;-69218;0;779091;-779091
85159000;0;31102;-31102;0;0;0;0;29107;-29107;0;0;0;0;0;0;0;3369;-3369;0;0;0;0;0;0;0;3042;-3042;0;0;0;0;0;0;0;0;0;0;66620;-66620
27111100;0;0;0;0;7205943;-7205943;0;0;0;0;7906699;-7906699;0;1010100;-1010100;0;0;0;0;0;0;0;0;0;0;0;0;0;0;0;0;0;0;0;0;0;0;16122742;-16122742
15162000;0;48948;-48948;0;0;0;0;142991;-142991;0;0;0;0;0;0;0;0;0;0;0;0;0;0;0;0;0;0;0;0;0;0;103713;-103713;0;51880;-51880;0;347532;-347532
90292010;0;3759;-3759;0;0;0;0;2376;-2376;0;0;0;0;0;0;0;0;0;0;0;0;0;0;0;0;0;0;0;2121;-2121;0;0;0;0;726;-726;0;8982;-8982
85114000;0;0;0;0;0;0;0;4598;-4598;0;0;0;0;0;0;0;0;0;0;0;0;0;0;0;0;0;0;0;0;0;0;0;0;0;0;0;0;4598;-4598
54023310;0;808118;-808118;0;547511;-547511;0;757900;-757900;0;142911;-142911;0;718668;-718668;0;192224;-192224;0;226040;-226040;0;126239;-126239;0;487543;-487543;0;705511;-705511;0;926391;-926391;0;973842;-973842;0;6612898;-6612898
60041032;0;0;0;0;0;0;0;22644;-22644;0;0;0;0;0;0;0;0;0;0;0;0;0;0;0;0;0;0;0;0;0;0;0;0;0;19724;-19724;0;42368;-42368
15099090;0;0;0;0;0;0;0;5774;-5774;0;0;0;0;4083;-4083;0;0;0;0;4196;-4196;0;0;0;0;6596;-6596;0;4353;-4353;0;4331;-4331;0;0;0;0;29333;-29333
84484990;0;0;0;0;2336;-2336;0;15559;-15559;0;0;0;0;0;0;0;0;0;0;0;0;0;13873;-13873;0;70764;-70764;0;55090;-55090;0;0;0;0;1371;-1371;0;158993;-158993
87087090;0;0;0;0;0;0;0;0;0;0;3511;-3511;0;985;-985;0;0;0;0;703;-703;0;985;-985;0;1897;-1897;0;493;-493;0;493;-493;0;1478;-1478;0;10545;-10545
20029090;0;271296;-271296;0;226711;-226711;0;152744;-152744;0;2083;-2083;0;238822;-238822;0;239013;-239013;0;1440;-1440;0;0;0;0;0;0;0;0;0;0;32191;-32191;0;51428;-51428;0;1215728;-1215728
58109200;0;51385;-51385;0;10126;-10126;0;0;0;0;7076;-7076;0;36487;-36487;0;0;0;0;73832;-73832;0;5111;-5111;0;128948;-128948;0;167292;-167292;0;9711;-9711;0;188;-188;0;490156;-490156
73261900;0;233;-233;0;279;-279;0;0;0;0;72;-72;0;0;0;0;0;0;0;0;0;0;0;0;0;0;0;0;900;-900;0;6102;-6102;0;73;-73;0;7659;-7659
85340012;0;15180;-15180;0;13800;-13800;0;0;0;0;0;0;0;0;0;0;30162;-30162;0;0;0;0;0;0;0;0;0;0;0;0;0;0;0;0;0;0;0;59142;-59142
85437019;0;0;0;0;817;-817;0;0;0;0;0;0;0;0;0;0;698;-698;0;0;0;0;0;0;0;408;-408;0;0;0;0;0;0;0;0;0;0;1923;-1923
85043199;0;0;0;0;1134;-1134;0;0;0;0;0;0;0;0;0;0;0;0;0;0;0;0;2937;-2937;0;0;0;0;0;0;0;0;0;0;0;0;0;4071;-4071
9093100;0;0;0;0;0;0;0;0;0;0;0;0;0;0;0;0;0;0;0;414752;-414752;0;0;0;0;0;0;0;398711;-398711;0;0;0;0;0;0;0;813463;-813463
59032000;0;9897;-9897;0;20715;-20715;0;0;0;0;0;0;0;0;0;0;0;0;0;1894;-1894;0;0;0;0;0;0;0;0;0;0;40597;-40597;0;0;0;0;73103;-73103
73129000;0;0;0;0;0;0;0;0;0;0;0;0;0;0;0;0;156;-156;0;0;0;0;275;-275;0;0;0;0;0;0;0;0;0;0;0;0;0;431;-431
85176229;0;0;0;0;0;0;0;0;0;0;300;-300;0;0;0;0;250;-250;0;230;-230;0;0;0;0;0;0;0;250;-250;0;0;0;0;0;0;0;1030;-1030
63062200;0;0;0;0;0;0;0;0;0;0;0;0;0;0;0;0;0;0;0;12347;-12347;0;0;0;0;0;0;0;0;0;0;0;0;0;0;0;0;12347;-12347
79050000;0;0;0;0;0;0;0;0;0;0;0;0;0;0;0;0;0;0;0;0;0;0;6180;-6180;0;0;0;0;0;0;0;0;0;0;2843;-2843;0;9023;-9023
29224990;0;0;0;0;0;0;0;0;0;0;0;0;0;0;0;0;0;0;0;0;0;0;31030;-31030;0;0;0;0;0;0;0;0;0;0;0;0;0;31030;-31030
85168090;0;461;-461;0;1229;-1229;0;5595;-5595;0;905;-905;0;0;0;0;7711;-7711;0;0;0;0;422;-422;0;1450;-1450;0;0;0;0;938;-938;0;150;-150;0;18861;-18861
94036000;0;0;0;0;0;0;0;0;0;0;0;0;0;0;0;0;0;0;0;0;0;0;0;0;0;0;0;0;0;0;0;1820;-1820;0;0;0;0;1820;-1820
84099115;0;0;0;0;0;0;0;0;0;0;0;0;0;0;0;0;0;0;0;0;0;0;0;0;0;0;0;0;0;0;0;15232;-15232;0;0;0;0;15232;-15232
73079900;0;35051;-35051;0;0;0;0;1144;-1144;0;3330;-3330;0;0;0;0;0;0;0;2;-2;0;37;-37;0;0;0;0;0;0;0;3401;-3401;0;270;-270;0;43235;-43235
63022200;0;0;0;0;0;0;0;0;0;0;0;0;0;0;0;0;0;0;0;0;0;0;0;0;0;0;0;0;19056;-19056;0;0;0;0;0;0;0;19056;-19056
85030090;0;0;0;0;0;0;0;2008;-2008;0;0;0;0;23841;-23841;0;0;0;0;1644;-1644;0;13502;-13502;0;190;-190;0;0;0;0;593;-593;0;0;0;0;41778;-41778
28352600;0;0;0;0;0;0;0;0;0;0;0;0;0;0;0;0;16970;-16970;0;0;0;0;0;0;0;0;0;0;0;0;0;0;0;0;0;0;0;16970;-16970
85423190;0;0;0;0;0;0;0;0;0;0;0;0;0;0;0;0;965;-965;0;0;0;0;0;0;0;744;-744;0;0;0;0;0;0;0;0;0;0;1709;-1709
84459030;0;0;0;0;0;0;0;0;0;0;0;0;0;0;0;0;18993;-18993;0;0;0;0;0;0;0;114099;-114099;0;0;0;0;0;0;0;0;0;0;133092;-133092
84835010;0;0;0;0;776;-776;0;0;0;0;0;0;0;0;0;0;322;-322;0;1838;-1838;0;0;0;0;0;0;0;0;0;0;0;0;0;651;-651;0;3587;-3587
85446000;0;0;0;0;374;-374;0;221396;-221396;0;344363;-344363;0;2811;-2811;0;143083;-143083;0;8578;-8578;0;403171;-403171;0;25060;-25060;0;0;0;0;0;0;0;0;0;0;1148836;-1148836
59119000;0;85798;-85798;0;0;0;0;102281;-102281;0;39377;-39377;0;67688;-67688;0;413;-413;242;89723;-89481;0;2146;-2146;0;98776;-98776;0;2642;-2642;0;43583;-43583;0;166654;-166654;242;699081;-698839
31021010;0;0;0;0;2727101;-2727101;0;0;0;0;0;0;0;3528692;-3528692;0;2486648;-2486648;0;0;0;0;2150357;-2150357;0;0;0;0;0;0;0;1581741;-1581741;0;0;0;0;12474539;-12474539
84821090;0;0;0;0;329;-329;0;456;-456;0;2261;-2261;0;562;-562;0;0;0;0;0;0;0;41475;-41475;0;8489;-8489;0;614;-614;0;0;0;0;2889;-2889;0;57075;-57075
56039410;0;77734;-77734;0;0;0;0;0;0;0;0;0;0;0;0;0;0;0;0;0;0;0;0;0;0;0;0;0;8109;-8109;0;45224;-45224;0;0;0;0;131067;-131067
58089000;0;3566;-3566;0;257;-257;0;0;0;0;0;0;0;0;0;0;0;0;0;0;0;0;0;0;0;0;0;0;0;0;0;0;0;0;0;0;0;3823;-3823
84229090;0;1555;-1555;0;127;-127;0;2037;-2037;0;3667;-3667;0;3705;-3705;0;1820;-1820;0;0;0;0;153347;-153347;0;15221;-15221;0;32906;-32906;0;1828;-1828;0;6536;-6536;0;222749;-222749
38249979;0;0;0;0;59595;-59595;0;0;0;0;59448;-59448;0;58265;-58265;0;59524;-59524;0;64473;-64473;0;66216;-66216;0;0;0;0;129805;-129805;0;0;0;0;0;0;0;497326;-497326
39249000;0;21502;-21502;0;5914;-5914;0;3028;-3028;0;0;0;0;4754;-4754;0;0;0;0;0;0;0;0;0;0;0;0;0;6816;-6816;0;0;0;0;0;0;0;42014;-42014
73269090;0;48833;-48833;271;5735;-5464;0;8408;-8408;0;6343;-6343;0;1852;-1852;0;894;-894;0;14002;-14002;0;490;-490;0;291;-291;0;4140;-4140;0;29249;-29249;0;6119;-6119;271;126356;-126085
90318099;0;393;-393;0;3199;-3199;0;0;0;0;10000;-10000;0;32951;-32951;0;1108;-1108;0;3323;-3323;0;2330;-2330;0;2981;-2981;0;25064;-25064;0;711;-711;0;983;-983;0;83043;-83043
84195021;0;0;0;0;1958;-1958;0;0;0;0;0;0;0;6014;-6014;0;0;0;0;0;0;0;0;0;0;0;0;0;0;0;0;0;0;0;0;0;0;7972;-7972
20098913;0;0;0;0;229283;-229283;0;300663;-300663;44078;348687;-304609;0;0;0;0;0;0;0;0;0;0;0;0;12038;0;12038;0;0;0;0;0;0;0;0;0;56116;878633;-822517
20087020;0;39907;-39907;0;0;0;0;43129;-43129;0;0;0;0;57052;-57052;0;0;0;0;57192;-57192;0;0;0;0;38078;-38078;0;0;0;0;0;0;0;38535;-38535;0;273893;-273893
39269010;0;88;-88;0;0;0;0;3651;-3651;0;0;0;0;0;0;0;0;0;0;1434;-1434;0;0;0;0;0;0;0;0;0;0;109;-109;0;0;0;0;5282;-5282
84821010;0;0;0;0;2106;-2106;0;25222;-25222;0;0;0;0;0;0;0;0;0;0;7;-7;0;0;0;0;0;0;0;253;-253;0;31;-31;0;0;0;0;27619;-27619
72106100;0;0;0;0;0;0;0;0;0;0;0;0;0;0;0;0;0;0;0;0;0;0;0;0;0;0;0;0;0;0;0;0;0;0;194516;-194516;0;194516;-194516
84831090;0;1926;-1926;1845;274;1571;0;1418;-1418;0;4021;-4021;0;197;-197;0;173;-173;0;136;-136;0;628;-628;0;0;0;0;2620;-2620;0;8219;-8219;0;1617;-1617;1845;21229;-19384
85123000;0;0;0;0;0;0;0;985;-985;0;0;0;0;0;0;0;0;0;0;0;0;0;0;0;0;434;-434;0;0;0;0;0;0;0;2069;-2069;0;3488;-3488
84314929;0;1598;-1598;0;2888;-2888;0;0;0;0;0;0;0;0;0;0;28476;-28476;0;0;0;0;0;0;0;84672;-84672;0;7044;-7044;0;0;0;0;45301;-45301;0;169979;-169979
40103100;0;0;0;0;0;0;0;0;0;0;0;0;0;0;0;0;112;-112;0;0;0;0;0;0;0;0;0;0;735;-735;0;0;0;0;0;0;0;847;-847
85182200;0;0;0;0;0;0;0;0;0;0;0;0;0;0;0;0;2671;-2671;0;0;0;0;0;0;0;0;0;0;0;0;0;0;0;0;0;0;0;2671;-2671
85189010;0;0;0;0;0;0;0;0;0;0;0;0;0;0;0;0;614;-614;0;0;0;0;0;0;0;0;0;0;0;0;0;0;0;0;0;0;0;614;-614
40111000;0;376895;-376895;0;108227;-108227;0;387837;-387837;0;137020;-137020;0;159946;-159946;0;31774;-31774;0;0;0;0;0;0;0;0;0;0;60630;-60630;0;129342;-129342;0;103304;-103304;0;1494975;-1494975
84099120;0;12810;-12810;0;0;0;0;0;0;0;0;0;0;0;0;0;0;0;0;0;0;0;0;0;0;0;0;0;0;0;0;0;0;0;0;0;0;12810;-12810
90291090;0;0;0;0;348;-348;0;0;0;0;0;0;0;0;0;0;697;-697;0;522;-522;0;0;0;0;0;0;0;0;0;0;0;0;0;0;0;0;1567;-1567
39076100;0;0;0;0;20465;-20465;0;61890;-61890;0;0;0;0;0;0;0;18335;-18335;0;17487;-17487;0;18380;-18380;0;0;0;0;0;0;0;18145;-18145;0;18165;-18165;0;172867;-172867
70189000;0;35037;-35037;0;4257;-4257;0;0;0;0;8895;-8895;0;0;0;0;0;0;0;69421;-69421;0;62;-62;0;45687;-45687;0;43199;-43199;0;19504;-19504;0;0;0;0;226062;-226062
85176900;0;0;0;0;0;0;0;0;0;0;0;0;0;0;0;0;804;-804;0;0;0;0;0;0;0;0;0;0;0;0;0;0;0;0;0;0;0;804;-804
84149039;0;0;0;0;0;0;0;1002;-1002;0;8219;-8219;0;720;-720;0;1131;-1131;0;0;0;0;3176;-3176;0;0;0;0;5245;-5245;0;1770;-1770;0;0;0;0;21263;-21263
84223029;0;0;0;0;0;0;0;0;0;0;0;0;0;3055;-3055;0;0;0;0;0;0;0;0;0;0;0;0;0;16046;-16046;0;0;0;0;0;0;0;19101;-19101
73158200;0;0;0;0;0;0;0;0;0;0;0;0;0;0;0;0;0;0;0;0;0;0;0;0;0;0;0;0;7093;-7093;0;0;0;0;14969;-14969;0;22062;-22062
63041990;0;0;0;0;0;0;0;0;0;0;0;0;0;0;0;0;54738;-54738;0;23344;-23344;0;0;0;0;57828;-57828;0;57828;-57828;0;29387;-29387;0;0;0;0;223125;-223125
90328100;0;0;0;0;0;0;0;0;0;0;0;0;0;0;0;0;0;0;0;0;0;0;0;0;0;1797;-1797;0;0;0;0;0;0;0;0;0;0;1797;-1797
85044050;0;0;0;0;0;0;0;0;0;0;0;0;0;0;0;0;2140;-2140;0;15269;-15269;0;0;0;0;2876;-2876;0;13356;-13356;0;0;0;0;0;0;0;33641;-33641
84819090;0;3058;-3058;0;261;-261;0;554;-554;0;0;0;0;1294;-1294;0;801;-801;0;4778;-4778;0;1661;-1661;0;9788;-9788;0;5452;-5452;0;94;-94;0;38774;-38774;0;66515;-66515
18069000;0;0;0;998;0;998;0;0;0;0;12046;-12046;0;0;0;0;0;0;0;0;0;0;0;0;206;13714;-13508;424;0;424;0;0;0;207;0;207;1835;25760;-23925
94017900;0;0;0;0;0;0;0;7308;-7308;0;93595;-93595;0;0;0;0;0;0;0;0;0;0;0;0;0;8770;-8770;0;31152;-31152;0;5829;-5829;0;0;0;0;146654;-146654
28342990;0;31836;-31836;0;0;0;0;55945;-55945;0;0;0;0;30547;-30547;0;40771;-40771;0;0;0;0;34056;-34056;0;34370;-34370;0;31480;-31480;0;34425;-34425;0;0;0;0;293430;-293430
73182400;0;0;0;0;11;-11;0;0;0;0;0;0;0;16;-16;0;3;-3;0;0;0;0;0;0;0;0;0;0;0;0;0;1;-1;0;0;0;0;31;-31
76072000;0;670;-670;0;0;0;0;3374;-3374;0;666;-666;0;2386;-2386;0;0;0;0;0;0;0;653;-653;0;0;0;0;0;0;0;0;0;0;0;0;0;7749;-7749
84198999;0;0;0;0;0;0;0;17024;-17024;0;0;0;0;0;0;0;0;0;0;34960;-34960;0;0;0;0;0;0;0;0;0;0;0;0;0;0;0;0;51984;-51984
84831020;0;0;0;0;0;0;0;953;-953;0;0;0;0;0;0;0;0;0;0;0;0;0;0;0;0;0;0;0;0;0;0;0;0;0;4759;-4759;0;5712;-5712
70071900;0;0;0;0;311;-311;0;0;0;0;0;0;0;0;0;0;0;0;0;0;0;0;0;0;0;0;0;0;311;-311;0;0;0;0;0;0;0;622;-622
84439199;0;0;0;0;0;0;0;4759;-4759;0;0;0;0;0;0;0;0;0;0;51353;-51353;0;0;0;0;0;0;0;0;0;0;0;0;0;0;0;0;56112;-56112
85364900;0;3980;-3980;0;234;-234;0;9710;-9710;0;14180;-14180;0;0;0;0;0;0;0;0;0;0;0;0;0;0;0;0;98;-98;0;0;0;0;0;0;0;28202;-28202
31022100;0;644895;-644895;0;0;0;0;274725;-274725;0;0;0;0;582977;-582977;0;353145;-353145;0;0;0;0;1058822;-1058822;0;0;0;0;0;0;0;301877;-301877;0;0;0;0;3216441;-3216441
28419030;0;0;0;0;0;0;0;0;0;0;0;0;0;0;0;0;0;0;0;0;0;0;0;0;0;0;0;0;0;0;0;0;0;0;96009;-96009;0;96009;-96009
44140000;0;0;0;0;0;0;0;2035;-2035;0;0;0;0;0;0;0;0;0;0;0;0;0;0;0;0;0;0;0;0;0;0;3662;-3662;0;0;0;0;5697;-5697
54023320;0;0;0;0;14789;-14789;0;0;0;0;0;0;0;0;0;0;0;0;0;0;0;0;0;0;0;0;0;0;0;0;0;0;0;0;19639;-19639;0;34428;-34428
85332120;0;0;0;0;1698;-1698;0;2317;-2317;0;0;0;0;3589;-3589;0;21794;-21794;0;0;0;0;0;0;0;1348;-1348;0;5407;-5407;0;0;0;0;925;-925;0;37078;-37078
90261029;0;16304;-16304;0;0;0;0;0;0;0;0;0;0;0;0;0;2826;-2826;0;0;0;0;0;0;0;0;0;0;0;0;0;0;0;0;67;-67;0;19197;-19197
19023000;0;394;-394;0;0;0;0;0;0;0;807;-807;0;0;0;0;0;0;0;563;-563;0;0;0;0;0;0;0;0;0;0;0;0;0;566;-566;0;2330;-2330
40139000;0;37367;-37367;0;0;0;0;15169;-15169;0;0;0;0;0;0;0;0;0;0;0;0;0;0;0;0;43198;-43198;0;0;0;0;0;0;0;0;0;0;95734;-95734
84212990;0;0;0;0;0;0;0;5109;-5109;0;0;0;0;0;0;0;1347;-1347;0;4983;-4983;0;0;0;0;316;-316;0;22;-22;0;11298;-11298;0;0;0;0;23075;-23075
73182100;0;0;0;0;4;-4;0;669;-669;0;0;0;0;589;-589;0;1;-1;0;32;-32;0;41;-41;0;0;0;0;29;-29;0;10;-10;0;20;-20;0;1395;-1395
25232990;0;0;0;0;0;0;0;0;0;0;8281;-8281;0;0;0;0;0;0;0;0;0;0;9030;-9030;0;0;0;0;0;0;0;0;0;0;0;0;0;17311;-17311
39191020;0;5029;-5029;0;198;-198;0;8269;-8269;0;9670;-9670;0;11294;-11294;0;0;0;0;9183;-9183;0;0;0;0;2793;-2793;0;156;-156;0;157;-157;0;2255;-2255;0;49004;-49004
90319090;0;1029;-1029;0;0;0;0;3004;-3004;0;0;0;0;916;-916;0;0;0;0;768;-768;0;0;0;0;0;0;0;13769;-13769;0;4559;-4559;0;10934;-10934;0;34979;-34979
73202010;0;0;0;0;1664;-1664;0;169;-169;0;46;-46;0;0;0;0;2234;-2234;0;148;-148;0;782;-782;0;0;0;0;76;-76;0;0;0;0;12;-12;0;5131;-5131
84779000;0;0;0;0;2897;-2897;0;0;0;0;0;0;0;0;0;0;0;0;0;0;0;0;5965;-5965;0;0;0;0;3767;-3767;0;1069;-1069;0;3964;-3964;0;17662;-17662
13023220;0;31033;-31033;0;0;0;0;0;0;0;30121;-30121;0;0;0;0;0;0;0;0;0;0;30024;-30024;0;0;0;0;25782;-25782;0;26110;-26110;0;0;0;0;143070;-143070
70099200;0;0;0;0;18492;-18492;0;0;0;0;9023;-9023;0;0;0;0;0;0;0;0;0;0;0;0;0;18107;-18107;0;18107;-18107;0;418;-418;0;0;0;0;64147;-64147
85176277;0;0;0;0;3000;-3000;0;0;0;0;6000;-6000;0;0;0;0;4400;-4400;0;7452;-7452;0;0;0;0;0;0;0;4200;-4200;0;0;0;0;0;0;0;25052;-25052
84485990;0;0;0;0;0;0;0;0;0;0;0;0;0;0;0;0;0;0;0;0;0;0;0;0;0;0;0;0;0;0;0;287;-287;0;811;-811;0;1098;-1098
94052000;0;0;0;0;0;0;0;0;0;0;0;0;0;0;0;0;0;0;0;0;0;0;0;0;0;0;0;0;0;0;0;815;-815;0;0;0;0;815;-815
87089990;0;10272;-10272;1835;218;1617;0;516;-516;0;382;-382;0;255;-255;0;0;0;0;748;-748;0;642;-642;3406;1992;1414;0;675;-675;0;27012;-27012;0;11379;-11379;5241;54091;-48850
82055900;0;12672;-12672;0;0;0;0;0;0;0;0;0;0;0;0;0;18;-18;0;0;0;0;255;-255;0;0;0;0;72;-72;0;0;0;0;85;-85;0;13102;-13102
84839000;0;3406;-3406;0;0;0;0;0;0;0;0;0;0;0;0;0;396;-396;0;0;0;0;6016;-6016;0;7170;-7170;0;10661;-10661;0;8330;-8330;0;0;0;0;35979;-35979
96110000;0;0;0;0;0;0;0;0;0;0;0;0;0;0;0;0;0;0;0;0;0;0;0;0;0;0;0;0;0;0;0;0;0;0;181;-181;0;181;-181
85112090;0;0;0;0;0;0;0;0;0;0;0;0;0;0;0;0;0;0;0;0;0;0;0;0;0;6843;-6843;0;0;0;0;3730;-3730;0;0;0;0;10573;-10573
40082900;0;0;0;0;0;0;0;0;0;0;0;0;0;0;0;0;235;-235;0;156;-156;0;122;-122;0;0;0;0;0;0;0;170;-170;0;144;-144;0;827;-827
73151900;0;0;0;0;0;0;0;0;0;0;0;0;0;0;0;0;0;0;0;0;0;0;0;0;0;0;0;0;0;0;0;36;-36;0;0;0;0;36;-36
84822010;0;0;0;0;0;0;0;0;0;0;0;0;0;0;0;0;0;0;0;0;0;0;0;0;0;0;0;0;0;0;0;747;-747;0;0;0;0;747;-747
29299011;0;0;0;0;0;0;0;0;0;0;0;0;0;89423;-89423;0;0;0;0;0;0;0;0;0;0;0;0;0;42931;-42931;0;0;0;0;41328;-41328;0;173682;-173682
85043219;0;0;0;0;0;0;0;0;0;0;0;0;0;0;0;0;0;0;0;0;0;0;0;0;0;1954;-1954;0;0;0;0;0;0;0;0;0;0;1954;-1954
90178010;0;0;0;0;0;0;0;0;0;0;0;0;0;0;0;0;420;-420;0;0;0;0;0;0;0;0;0;0;0;0;0;0;0;0;0;0;0;420;-420
84463010;0;0;0;0;0;0;0;0;0;0;0;0;0;1921188;-1921188;0;0;0;0;0;0;0;0;0;0;0;0;502200;0;502200;218600;969925;-751325;16200;0;16200;737000;2891113;-2154113
38220090;0;0;0;0;0;0;0;0;0;0;6822;-6822;0;0;0;0;8953;-8953;0;0;0;0;9941;-9941;0;522;-522;0;0;0;0;0;0;0;1511;-1511;0;27749;-27749
85171223;0;0;0;0;0;0;0;35087;-35087;0;0;0;0;0;0;0;0;0;0;0;0;0;0;0;0;0;0;0;0;0;0;0;0;0;0;0;0;35087;-35087
49111010;0;0;0;0;0;0;0;0;0;0;0;0;0;0;0;0;3;-3;0;0;0;0;0;0;0;5;-5;0;0;0;0;4;-4;0;0;0;0;12;-12
65040090;0;0;0;0;299;-299;0;0;0;0;0;0;0;0;0;0;0;0;0;0;0;0;0;0;0;0;0;0;0;0;0;0;0;0;0;0;0;299;-299
62053000;20526;0;20526;0;40362;-40362;6;42004;-41998;0;0;0;0;0;0;0;18113;-18113;0;0;0;0;0;0;0;0;0;316;0;316;0;4167;-4167;0;0;0;20848;104646;-83798
27122000;0;0;0;0;0;0;0;0;0;0;0;0;0;19243;-19243;0;19455;-19455;0;0;0;0;57083;-57083;0;61046;-61046;0;88516;-88516;0;63026;-63026;0;122170;-122170;0;430539;-430539
85171221;0;0;0;0;0;0;0;33331;-33331;0;0;0;0;0;0;0;0;0;0;0;0;0;0;0;0;0;0;0;0;0;0;0;0;0;0;0;0;33331;-33331
84452000;0;0;0;0;0;0;0;315755;-315755;0;0;0;0;0;0;0;0;0;0;0;0;0;0;0;0;0;0;0;0;0;0;0;0;0;0;0;0;315755;-315755
73151290;0;818;-818;0;0;0;0;0;0;0;2741;-2741;0;0;0;0;5901;-5901;0;0;0;0;138;-138;0;3331;-3331;0;0;0;0;276;-276;0;0;0;0;13205;-13205
76151000;0;37504;-37504;0;0;0;0;0;0;0;78553;-78553;0;0;0;0;0;0;0;54815;-54815;0;0;0;0;0;0;0;8106;-8106;0;0;0;0;0;0;0;178978;-178978
85321000;0;117;-117;0;0;0;0;0;0;0;0;0;0;0;0;0;0;0;0;0;0;0;0;0;0;0;0;0;0;0;0;0;0;0;0;0;0;117;-117
90261019;0;44222;-44222;0;0;0;0;0;0;0;0;0;0;0;0;0;0;0;0;0;0;0;0;0;0;0;0;0;0;0;0;539;-539;0;0;0;0;44761;-44761
84485910;0;0;0;0;3615;-3615;0;0;0;0;0;0;0;0;0;0;0;0;0;0;0;0;0;0;0;0;0;0;0;0;0;0;0;0;0;0;0;3615;-3615
90278099;0;143357;-143357;0;38213;-38213;0;18604;-18604;0;0;0;0;0;0;0;61000;-61000;0;30472;-30472;0;0;0;0;0;0;0;0;0;0;0;0;0;0;0;0;291646;-291646
85043111;0;0;0;0;0;0;0;0;0;0;0;0;0;0;0;0;0;0;0;358;-358;0;0;0;0;0;0;0;0;0;0;0;0;0;0;0;0;358;-358
85065090;0;0;0;0;0;0;0;82;-82;0;0;0;0;0;0;0;0;0;0;0;0;0;1418;-1418;0;0;0;0;1374;-1374;0;0;0;0;0;0;0;2874;-2874
28444090;0;5499;-5499;0;0;0;0;0;0;0;0;0;0;0;0;0;10998;-10998;0;0;0;0;0;0;0;5499;-5499;0;0;0;0;0;0;0;0;0;0;21996;-21996
66011000;0;0;0;0;0;0;0;0;0;0;0;0;0;0;0;0;0;0;0;7540;-7540;0;0;0;0;12627;-12627;0;0;0;0;0;0;0;0;0;0;20167;-20167
29182930;0;42164;-42164;0;0;0;0;74156;-74156;0;0;0;0;40461;-40461;0;53983;-53983;0;0;0;0;45157;-45157;0;45535;-45535;0;42903;-42903;0;45502;-45502;0;0;0;0;389861;-389861
39264000;0;0;0;0;0;0;0;2844;-2844;0;0;0;0;0;0;0;0;0;0;0;0;0;0;0;0;0;0;0;0;0;0;4726;-4726;0;0;0;0;7570;-7570
85389010;0;0;0;0;0;0;0;0;0;0;0;0;0;0;0;0;0;0;0;763;-763;0;0;0;0;0;0;0;11419;-11419;0;0;0;0;0;0;0;12182;-12182
94038900;0;0;0;0;0;0;0;0;0;0;0;0;0;0;0;0;0;0;0;0;0;0;0;0;0;0;0;0;0;0;0;6549;-6549;0;0;0;0;6549;-6549
90222190;0;0;0;0;0;0;0;0;0;0;0;0;0;0;0;0;0;0;0;0;0;0;789818;-789818;0;0;0;0;0;0;0;0;0;0;0;0;0;789818;-789818
84823000;0;0;0;0;0;0;0;0;0;0;0;0;0;0;0;0;0;0;0;0;0;0;0;0;0;0;0;0;0;0;0;4721;-4721;0;0;0;0;4721;-4721
29242991;0;0;0;0;141411;-141411;0;0;0;0;0;0;0;156234;-156234;0;156603;-156603;0;0;0;0;0;0;0;0;0;0;0;0;0;0;0;0;0;0;0;454248;-454248
85176272;0;0;0;0;0;0;0;0;0;0;0;0;0;0;0;0;0;0;0;0;0;0;0;0;0;0;0;0;338;-338;0;0;0;0;0;0;0;338;-338
85459020;0;0;0;0;0;0;0;0;0;0;0;0;0;0;0;0;0;0;0;0;0;0;0;0;0;0;0;0;20;-20;0;0;0;0;0;0;0;20;-20
31054000;0;0;0;0;615951;-615951;0;0;0;0;0;0;0;0;0;0;3341615;-3341615;0;0;0;0;0;0;0;0;0;0;0;0;0;1231439;-1231439;0;0;0;0;5189005;-5189005
85437099;0;0;0;0;14700;-14700;0;0;0;0;16660;-16660;0;0;0;0;646;-646;0;956;-956;0;0;0;0;0;0;0;0;0;0;0;0;0;0;0;0;32962;-32962
84249090;0;0;0;0;0;0;0;0;0;0;525;-525;0;0;0;0;0;0;0;3897;-3897;0;0;0;0;119064;-119064;0;550;-550;0;0;0;0;0;0;0;124036;-124036
44209000;0;0;0;0;0;0;0;0;0;0;0;0;0;1593;-1593;0;0;0;0;0;0;0;0;0;0;0;0;0;0;0;0;0;0;0;0;0;0;1593;-1593
84139190;0;24494;-24494;0;0;0;0;8301;-8301;0;7343;-7343;0;10996;-10996;0;0;0;0;13010;-13010;0;10321;-10321;0;0;0;0;0;0;0;1481;-1481;0;0;0;0;75946;-75946
69131000;0;0;0;0;0;0;0;0;0;0;0;0;0;726;-726;0;0;0;0;0;0;0;0;0;0;0;0;0;0;0;0;0;0;0;0;0;0;726;-726
73241000;0;0;0;0;0;0;0;0;0;0;0;0;0;1527;-1527;0;0;0;0;0;0;0;0;0;0;0;0;0;0;0;0;0;0;0;0;0;0;1527;-1527
71171900;0;1316;-1316;0;0;0;0;0;0;0;0;0;0;0;0;0;0;0;0;0;0;0;0;0;0;0;0;0;0;0;0;24223;-24223;0;437;-437;0;25976;-25976
73071920;0;0;0;0;0;0;0;41;-41;0;0;0;0;0;0;0;0;0;0;0;0;0;0;0;0;0;0;0;0;0;0;0;0;0;0;0;0;41;-41
84199090;0;26077;-26077;0;0;0;0;22343;-22343;0;2034;-2034;0;0;0;0;0;0;0;0;0;0;0;0;0;383;-383;0;0;0;0;0;0;0;0;0;0;50837;-50837
84149034;0;0;0;0;0;0;0;4297;-4297;0;0;0;0;0;0;0;0;0;0;0;0;0;0;0;0;0;0;0;0;0;0;0;0;0;0;0;0;4297;-4297
56031420;0;1150;-1150;0;0;0;0;5844;-5844;0;0;0;0;14228;-14228;0;0;0;0;18934;-18934;0;0;0;0;0;0;0;8322;-8322;0;0;0;0;34842;-34842;0;83320;-83320
73072200;0;0;0;0;0;0;0;0;0;0;2878;-2878;0;0;0;0;0;0;0;0;0;0;2671;-2671;0;1624;-1624;0;1240;-1240;0;3676;-3676;0;0;0;0;12089;-12089
10063029;0;0;0;0;0;0;0;0;0;0;2693;-2693;0;0;0;0;0;0;0;0;0;0;0;0;0;0;0;0;0;0;0;0;0;0;0;0;0;2693;-2693
90269010;0;0;0;0;0;0;0;0;0;0;33254;-33254;0;0;0;0;0;0;0;0;0;0;0;0;0;0;0;0;0;0;0;0;0;0;0;0;0;33254;-33254
84213990;0;536;-536;0;148;-148;0;0;0;0;0;0;0;0;0;0;222;-222;0;0;0;0;0;0;0;766;-766;0;0;0;0;100;-100;0;0;0;0;1772;-1772
85413029;0;255000;-255000;0;0;0;0;0;0;0;78200;-78200;0;0;0;0;0;0;0;248205;-248205;0;91800;-91800;0;326400;-326400;0;431839;-431839;0;204022;-204022;0;0;0;0;1635466;-1635466
42050000;0;0;0;0;0;0;0;0;0;0;0;0;0;0;0;0;1726;-1726;0;0;0;0;0;0;0;0;0;0;0;0;0;0;0;0;0;0;0;1726;-1726
83071090;0;18708560;-18708560;0;332;-332;0;0;0;0;0;0;0;0;0;0;0;0;0;0;0;0;0;0;0;0;0;0;0;0;0;0;0;0;0;0;0;18708892;-18708892
90112010;0;0;0;0;60175;-60175;0;0;0;0;0;0;0;0;0;0;0;0;0;0;0;0;0;0;0;0;0;0;0;0;0;0;0;0;0;0;0;60175;-60175
84483999;0;0;0;0;0;0;0;0;0;0;0;0;0;0;0;0;21584;-21584;0;36792;-36792;0;0;0;0;0;0;0;0;0;0;0;0;0;0;0;0;58376;-58376
84378010;0;0;0;0;0;0;0;0;0;0;0;0;0;0;0;0;0;0;0;0;0;0;0;0;0;94325;-94325;0;0;0;0;0;0;0;0;0;0;94325;-94325
44211000;0;0;0;0;0;0;0;10022;-10022;0;0;0;0;10022;-10022;0;0;0;0;0;0;0;21403;-21403;0;0;0;0;0;0;0;0;0;0;0;0;0;41447;-41447
84471200;0;0;0;0;0;0;0;0;0;0;0;0;0;0;0;0;0;0;0;0;0;0;0;0;0;245548;-245548;0;0;0;0;0;0;0;0;0;0;245548;-245548
40101900;0;0;0;0;0;0;0;0;0;0;0;0;0;0;0;0;0;0;0;0;0;0;0;0;0;0;0;0;0;0;0;6387;-6387;0;0;0;0;6387;-6387
84099140;0;0;0;0;0;0;0;0;0;0;0;0;0;0;0;0;0;0;0;0;0;0;0;0;0;0;0;0;0;0;0;8168;-8168;0;0;0;0;8168;-8168
84483290;0;0;0;0;0;0;0;0;0;0;0;0;0;0;0;0;0;0;0;0;0;0;0;0;0;2266;-2266;0;0;0;0;0;0;0;0;0;0;2266;-2266
84818092;0;185;-185;0;0;0;0;1783;-1783;0;1910;-1910;0;0;0;0;268;-268;0;589;-589;0;0;0;0;2417;-2417;0;4491;-4491;0;562;-562;2427;6896;-4469;2427;19101;-16674
85044029;0;0;0;0;0;0;0;0;0;0;0;0;0;0;0;0;0;0;0;0;0;0;0;0;0;550;-550;0;0;0;0;0;0;0;0;0;0;550;-550
39169090;0;0;0;0;0;0;0;0;0;0;0;0;0;0;0;0;0;0;0;0;0;0;0;0;0;0;0;0;736;-736;0;0;0;0;0;0;0;736;-736
87084090;0;440;-440;0;0;0;0;1307;-1307;0;0;0;0;0;0;0;0;0;0;0;0;0;452;-452;0;2305;-2305;0;0;0;0;0;0;0;0;0;0;4504;-4504
10019900;0;5497140;-5497140;0;0;0;0;6491458;-6491458;0;0;0;0;4666206;-4666206;0;0;0;0;0;0;0;0;0;0;8965427;-8965427;0;0;0;0;0;0;0;0;0;0;25620231;-25620231
16041410;0;0;0;0;0;0;0;0;0;0;0;0;0;27601;-27601;0;0;0;0;0;0;0;0;0;0;0;0;0;0;0;0;0;0;0;0;0;0;27601;-27601
29251100;0;0;0;0;0;0;0;0;0;0;0;0;0;0;0;0;152268;-152268;0;0;0;0;0;0;0;0;0;0;0;0;0;0;0;0;0;0;0;152268;-152268
85429090;0;0;0;0;0;0;0;0;0;0;2828;-2828;0;0;0;0;0;0;0;0;0;0;0;0;0;3264;-3264;0;0;0;0;2392;-2392;0;436;-436;0;8920;-8920
82119210;0;0;0;0;0;0;0;0;0;0;0;0;0;14781;-14781;0;0;0;0;0;0;0;0;0;0;0;0;0;0;0;0;0;0;0;0;0;0;14781;-14781
94037000;0;2772;-2772;0;0;0;0;0;0;0;0;0;0;827;-827;0;0;0;0;0;0;0;0;0;0;0;0;0;0;0;0;0;0;0;0;0;0;3599;-3599
84371000;0;0;0;0;0;0;0;173684;-173684;0;0;0;0;0;0;0;0;0;0;0;0;0;0;0;0;0;0;0;0;0;0;0;0;0;0;0;0;173684;-173684
3036700;0;0;0;0;0;0;0;829;-829;0;0;0;0;0;0;0;0;0;0;0;0;0;0;0;0;0;0;0;0;0;0;0;0;0;0;0;0;829;-829
68042219;0;345;-345;0;0;0;0;2420;-2420;0;0;0;0;880;-880;0;0;0;0;321;-321;0;0;0;0;0;0;0;6001;-6001;0;0;0;0;0;0;0;9967;-9967
90275020;0;0;0;0;0;0;0;0;0;0;0;0;0;0;0;0;17600;-17600;0;27200;-27200;0;0;0;0;54621;-54621;0;0;0;0;0;0;0;2453;-2453;0;101874;-101874
82075090;0;0;0;0;0;0;0;42;-42;0;0;0;0;0;0;0;0;0;0;0;0;0;0;0;0;0;0;0;0;0;0;0;0;0;0;0;0;42;-42
19021900;0;7327;-7327;0;4080;-4080;0;0;0;0;8137;-8137;0;0;0;0;0;0;0;2712;-2712;0;0;0;0;0;0;0;0;0;0;0;0;0;6027;-6027;0;28283;-28283
90272021;0;0;0;0;0;0;0;0;0;0;0;0;0;0;0;0;0;0;0;0;0;0;0;0;0;0;0;0;0;0;0;0;0;0;43267;-43267;0;43267;-43267
3036500;0;0;0;0;0;0;0;7573;-7573;0;0;0;0;0;0;0;0;0;0;0;0;0;0;0;0;0;0;0;0;0;0;0;0;0;0;0;0;7573;-7573
42021220;0;0;0;0;0;0;0;7424;-7424;0;0;0;0;0;0;0;0;0;0;15911;-15911;0;25298;-25298;0;0;0;0;0;0;0;0;0;0;0;0;0;48633;-48633
84314390;0;0;0;0;0;0;0;7421;-7421;0;9487;-9487;0;83135;-83135;0;0;0;0;6670;-6670;0;5783;-5783;0;0;0;0;1881;-1881;0;185;-185;0;0;0;0;114562;-114562
21039091;0;0;0;0;0;0;0;0;0;0;378;-378;0;0;0;0;0;0;0;0;0;0;0;0;0;0;0;0;0;0;0;0;0;0;0;0;0;378;-378
3038910;0;0;0;0;0;0;0;0;0;0;0;0;0;0;0;0;0;0;0;0;0;0;0;0;0;0;0;0;0;0;0;0;0;0;33090;-33090;0;33090;-33090
84149033;0;2539;-2539;0;0;0;0;0;0;0;0;0;0;0;0;0;0;0;0;0;0;0;0;0;0;0;0;0;0;0;0;0;0;0;0;0;0;2539;-2539
83119000;0;0;0;0;0;0;0;0;0;0;0;0;0;0;0;0;0;0;0;453;-453;0;0;0;0;0;0;0;0;0;0;0;0;0;0;0;0;453;-453
85011019;0;0;0;0;0;0;0;950;-950;0;0;0;0;0;0;0;9088;-9088;0;0;0;0;210;-210;0;0;0;0;0;0;0;0;0;0;2771;-2771;0;13019;-13019
84490091;0;0;0;0;0;0;0;0;0;0;0;0;0;0;0;0;0;0;0;7545;-7545;0;0;0;0;0;0;0;0;0;0;0;0;0;10400;-10400;0;17945;-17945
85318000;0;0;0;0;0;0;0;0;0;0;0;0;0;0;0;0;0;0;0;0;0;0;0;0;0;0;0;0;0;0;0;816;-816;0;0;0;0;816;-816
84142000;0;0;0;0;0;0;0;0;0;0;0;0;0;0;0;0;0;0;0;0;0;0;7169;-7169;0;6170;-6170;0;3585;-3585;0;1848;-1848;0;0;0;0;18772;-18772
84833090;0;0;0;0;0;0;0;0;0;0;0;0;0;0;0;0;0;0;0;0;0;0;0;0;0;0;0;0;0;0;0;1168;-1168;0;0;0;0;1168;-1168
84824000;0;0;0;0;0;0;0;0;0;0;0;0;0;0;0;0;0;0;0;0;0;0;0;0;0;0;0;0;2801;-2801;0;0;0;0;211;-211;0;3012;-3012
70139900;0;0;0;0;0;0;0;0;0;0;0;0;0;0;0;0;1368;-1368;0;0;0;0;0;0;0;0;0;0;0;0;0;327;-327;0;0;0;0;1695;-1695
72149100;0;0;0;0;0;0;0;0;0;0;0;0;0;0;0;0;0;0;0;0;0;0;0;0;0;0;0;0;3383;-3383;0;0;0;0;0;0;0;3383;-3383
84716059;0;0;0;0;0;0;0;0;0;0;0;0;0;0;0;0;0;0;0;0;0;0;0;0;0;0;0;0;1506;-1506;0;0;0;0;0;0;0;1506;-1506
84813000;0;4192;-4192;0;83;-83;0;0;0;0;0;0;0;0;0;0;0;0;0;0;0;0;0;0;0;361;-361;0;0;0;0;3942;-3942;0;0;0;0;8578;-8578
96039000;0;0;0;0;0;0;0;0;0;0;0;0;0;2561;-2561;0;0;0;0;0;0;0;0;0;0;501;-501;0;0;0;0;0;0;0;321;-321;0;3383;-3383
16042010;0;0;0;0;0;0;0;0;0;0;0;0;0;25302;-25302;0;0;0;0;0;0;0;0;0;0;0;0;0;0;0;0;0;0;0;0;0;0;25302;-25302
96035000;0;33297;-33297;0;0;0;0;0;0;0;0;0;0;0;0;0;142;-142;0;166;-166;0;0;0;0;0;0;0;771;-771;0;0;0;0;0;0;0;34376;-34376
42022220;0;0;0;0;4256;-4256;0;0;0;0;0;0;0;0;0;0;0;0;0;0;0;0;0;0;0;0;0;0;0;0;0;0;0;0;0;0;0;4256;-4256
83024200;0;0;0;0;0;0;0;0;0;0;0;0;0;0;0;0;0;0;0;0;0;0;0;0;0;0;0;0;0;0;0;0;0;0;206;-206;0;206;-206
66019110;0;0;0;0;0;0;0;8178;-8178;0;3701;-3701;0;0;0;0;0;0;0;0;0;0;0;0;0;0;0;0;0;0;0;0;0;0;0;0;0;11879;-11879
84313900;0;0;0;0;20766;-20766;0;0;0;0;0;0;0;27;-27;0;45702;-45702;0;0;0;0;0;0;0;0;0;0;0;0;0;1024;-1024;0;0;0;0;67519;-67519
85184000;0;0;0;0;0;0;0;0;0;0;0;0;0;0;0;0;1632;-1632;0;0;0;0;0;0;0;0;0;0;0;0;0;0;0;0;0;0;0;1632;-1632
87085080;0;0;0;0;0;0;0;0;0;0;0;0;0;0;0;0;0;0;0;1023;-1023;0;0;0;0;0;0;0;0;0;0;434;-434;0;341;-341;0;1798;-1798
85176299;0;0;0;0;2873;-2873;0;0;0;0;0;0;0;0;0;0;0;0;0;0;0;0;0;0;0;0;0;0;0;0;0;0;0;0;0;0;0;2873;-2873
84834010;0;309;-309;0;0;0;0;0;0;0;0;0;0;0;0;0;10281;-10281;0;0;0;0;1333;-1333;0;0;0;0;0;0;0;0;0;0;0;0;0;11923;-11923
69091990;0;0;0;0;0;0;0;0;0;0;0;0;0;0;0;0;252;-252;0;802;-802;0;0;0;0;0;0;0;0;0;0;0;0;0;1148;-1148;0;2202;-2202
3035300;0;9628;-9628;0;0;0;0;0;0;0;0;0;0;0;0;0;0;0;0;0;0;0;0;0;0;0;0;0;0;0;0;0;0;0;0;0;0;9628;-9628
34060000;0;0;0;0;0;0;0;0;0;0;0;0;0;0;0;0;15967;-15967;0;0;0;0;0;0;0;0;0;0;0;0;0;0;0;0;0;0;0;15967;-15967
63071000;0;0;0;0;0;0;0;0;0;0;0;0;0;0;0;0;18352;-18352;0;0;0;0;0;0;0;0;0;0;0;0;0;0;0;0;0;0;0;18352;-18352
84119900;0;0;0;0;0;0;0;0;0;0;0;0;0;0;0;0;0;0;0;989759;-989759;0;0;0;0;0;0;0;0;0;0;0;0;0;0;0;0;989759;-989759
90303390;0;0;0;0;0;0;0;0;0;0;0;0;0;0;0;0;0;0;0;994;-994;0;1171;-1171;0;0;0;0;0;0;0;0;0;0;0;0;0;2165;-2165
84841000;0;0;0;0;0;0;0;0;0;0;0;0;0;0;0;0;0;0;0;527;-527;0;0;0;0;0;0;0;0;0;0;0;0;0;20;-20;0;547;-547
15079011;0;0;0;0;0;0;0;0;0;0;0;0;0;0;0;0;0;0;0;0;0;0;0;0;0;0;0;0;0;0;0;26133;-26133;0;82302;-82302;0;108435;-108435
94053000;0;0;0;0;0;0;0;0;0;0;0;0;0;0;0;0;0;0;0;0;0;0;0;0;0;0;0;0;1789;-1789;0;4642;-4642;0;0;0;0;6431;-6431
70133700;0;9324;-9324;0;0;0;0;20248;-20248;0;0;0;0;0;0;0;0;0;0;9324;-9324;0;0;0;0;0;0;0;0;0;0;10990;-10990;0;0;0;0;49886;-49886
85111000;0;0;0;0;0;0;0;0;0;0;0;0;0;0;0;0;0;0;0;1529;-1529;0;0;0;0;0;0;0;0;0;0;13197;-13197;0;0;0;0;14726;-14726
90229080;0;0;0;0;0;0;0;0;0;0;0;0;0;13656;-13656;0;0;0;0;0;0;0;0;0;0;0;0;0;0;0;0;291162;-291162;0;0;0;0;304818;-304818
82079000;0;0;0;0;0;0;0;0;0;0;0;0;0;0;0;0;17899;-17899;0;0;0;0;0;0;0;0;0;0;2004;-2004;0;0;0;0;0;0;0;19903;-19903
27131100;0;1088251;-1088251;0;0;0;0;0;0;0;140276;-140276;0;1132450;-1132450;0;689224;-689224;0;0;0;0;0;0;0;0;0;0;0;0;0;806805;-806805;0;154936;-154936;0;4011942;-4011942
48054010;0;57455;-57455;0;0;0;0;0;0;0;0;0;0;0;0;0;56100;-56100;0;0;0;0;0;0;0;0;0;0;60636;-60636;0;0;0;0;0;0;0;174191;-174191
84149031;0;0;0;0;0;0;0;0;0;0;0;0;0;86;-86;0;0;0;0;0;0;0;110;-110;0;0;0;0;0;0;0;0;0;0;0;0;0;196;-196
85059090;0;0;0;0;0;0;0;0;0;0;0;0;0;496;-496;0;0;0;0;0;0;0;0;0;0;0;0;0;0;0;0;0;0;0;0;0;0;496;-496
84283990;0;0;0;0;0;0;0;0;0;0;100177;-100177;0;1606751;-1606751;0;0;0;0;0;0;0;0;0;0;0;0;0;0;0;0;0;0;0;0;0;0;1706928;-1706928
82152000;0;28038;-28038;0;0;0;0;0;0;0;0;0;0;12149;-12149;0;0;0;0;0;0;0;0;0;0;0;0;0;27216;-27216;0;0;0;0;0;0;0;67403;-67403
69072100;0;0;0;0;50392;-50392;0;0;0;0;0;0;0;0;0;0;0;0;0;0;0;0;0;0;0;0;0;0;0;0;0;0;0;0;0;0;0;50392;-50392
84832000;0;0;0;0;825;-825;0;0;0;0;0;0;0;0;0;0;0;0;0;0;0;0;0;0;0;308;-308;0;0;0;0;0;0;0;0;0;0;1133;-1133
90322000;0;0;0;0;788;-788;0;0;0;0;719;-719;0;0;0;0;0;0;0;0;0;0;0;0;0;0;0;0;0;0;0;2039;-2039;0;0;0;0;3546;-3546
85359000;0;0;0;0;363;-363;0;1188;-1188;0;0;0;0;0;0;0;0;0;0;0;0;0;0;0;0;0;0;0;0;0;0;0;0;0;0;0;0;1551;-1551
73158900;0;352;-352;0;0;0;0;3254;-3254;0;0;0;0;0;0;0;0;0;0;0;0;0;2143;-2143;0;0;0;0;0;0;0;0;0;0;0;0;0;5749;-5749
85392910;0;0;0;0;0;0;0;0;0;0;0;0;0;0;0;0;0;0;0;0;0;0;0;0;0;0;0;0;0;0;0;0;0;0;9299;-9299;0;9299;-9299
3055310;0;0;0;0;252386;-252386;0;88501;-88501;0;89069;-89069;0;0;0;0;0;0;0;0;0;0;0;0;0;0;0;0;0;0;0;0;0;0;0;0;0;429956;-429956
84313110;0;4651;-4651;0;0;0;0;0;0;0;208906;-208906;0;0;0;0;0;0;0;0;0;0;27454;-27454;0;0;0;0;0;0;0;0;0;0;0;0;0;241011;-241011
84136011;0;0;0;0;0;0;0;0;0;0;0;0;0;0;0;0;2777;-2777;0;0;0;0;0;0;0;0;0;0;1791;-1791;0;0;0;0;0;0;0;4568;-4568
39042200;0;49081;-49081;0;0;0;0;28002;-28002;0;0;0;0;0;0;0;33811;-33811;0;33564;-33564;0;99454;-99454;0;0;0;0;0;0;0;0;0;0;0;0;0;243912;-243912
44219900;0;0;0;0;3310;-3310;0;0;0;0;0;0;0;0;0;0;0;0;0;899;-899;0;0;0;0;0;0;0;0;0;0;0;0;0;0;0;0;4209;-4209
94055000;0;0;0;0;0;0;0;0;0;0;0;0;0;0;0;0;0;0;0;0;0;0;0;0;0;0;0;0;0;0;0;1362;-1362;0;0;0;0;1362;-1362
84148011;0;0;0;0;0;0;0;0;0;0;0;0;0;0;0;0;0;0;0;0;0;0;0;0;0;0;0;0;2493;-2493;0;0;0;0;0;0;0;2493;-2493
90308990;0;0;0;0;0;0;0;0;0;0;0;0;0;0;0;0;0;0;0;0;0;0;1426;-1426;0;0;0;0;186;-186;0;0;0;0;0;0;0;1612;-1612
84833029;0;0;0;0;683;-683;0;0;0;0;0;0;0;0;0;0;0;0;0;0;0;0;0;0;0;0;0;0;45253;-45253;0;0;0;0;0;0;0;45936;-45936
85366990;0;0;0;0;0;0;0;0;0;0;0;0;0;0;0;0;1;-1;0;0;0;0;0;0;0;0;0;0;4771;-4771;0;0;0;0;1289;-1289;0;6061;-6061
84836090;0;100;-100;0;0;0;0;200;-200;0;0;0;0;0;0;0;2816;-2816;0;1156;-1156;0;0;0;0;4382;-4382;0;83;-83;0;0;0;0;0;0;0;8737;-8737
39139020;0;14258;-14258;0;0;0;0;0;0;0;0;0;0;32708;-32708;0;0;0;0;0;0;0;0;0;0;0;0;0;45572;-45572;0;12808;-12808;0;0;0;0;105346;-105346
84314100;0;0;0;0;0;0;0;0;0;0;0;0;0;0;0;0;528;-528;0;0;0;0;0;0;0;21252;-21252;0;0;0;0;0;0;0;0;0;0;21780;-21780
3055100;0;0;0;0;69998;-69998;0;0;0;0;0;0;0;0;0;0;0;0;0;0;0;0;0;0;0;0;0;0;0;0;0;0;0;0;0;0;0;69998;-69998
90213190;0;44247;-44247;0;0;0;0;0;0;0;0;0;0;0;0;0;0;0;0;0;0;0;0;0;0;0;0;0;0;0;0;0;0;0;0;0;0;44247;-44247
84099111;0;0;0;0;0;0;0;12837;-12837;0;0;0;0;0;0;0;0;0;0;0;0;0;0;0;0;2413;-2413;0;0;0;0;10859;-10859;0;0;0;0;26109;-26109
85013110;0;0;0;0;0;0;0;0;0;0;0;0;0;0;0;0;3546;-3546;0;0;0;0;0;0;0;192;-192;0;1280;-1280;0;0;0;0;3660;-3660;0;8678;-8678
90181210;0;0;0;0;0;0;0;399291;-399291;0;0;0;0;0;0;0;0;0;0;0;0;0;0;0;0;0;0;0;0;0;0;0;0;0;0;0;0;399291;-399291
84389000;0;4543;-4543;0;0;0;0;0;0;0;1178;-1178;0;0;0;0;0;0;0;0;0;0;1849;-1849;0;0;0;0;0;0;0;0;0;0;0;0;0;7570;-7570
84431910;0;0;0;0;0;0;0;0;0;0;4183;-4183;0;0;0;0;0;0;0;0;0;0;0;0;0;0;0;0;0;0;0;0;0;0;0;0;0;4183;-4183
84629119;0;150530;-150530;0;0;0;0;0;0;0;0;0;0;0;0;0;0;0;0;0;0;0;0;0;0;0;0;0;0;0;0;0;0;0;0;0;0;150530;-150530
73079200;0;1410;-1410;0;2864;-2864;0;0;0;0;0;0;0;0;0;0;0;0;0;0;0;0;0;0;0;0;0;0;0;0;0;2469;-2469;0;0;0;0;6743;-6743
85472090;0;58;-58;0;0;0;0;0;0;0;66;-66;0;113;-113;147;0;147;0;0;0;0;0;0;0;0;0;0;180;-180;0;1063;-1063;1204;0;1204;1351;1480;-129
78060090;0;0;0;0;0;0;0;48;-48;0;0;0;0;49;-49;0;0;0;0;0;0;0;7;-7;0;0;0;0;0;0;0;0;0;0;2;-2;0;106;-106
84798912;0;0;0;0;0;0;0;0;0;0;0;0;0;0;0;0;0;0;0;0;0;0;0;0;0;860;-860;0;817;-817;0;757;-757;0;0;0;0;2434;-2434
94016900;0;0;0;0;0;0;0;0;0;0;0;0;0;0;0;0;0;0;0;0;0;0;0;0;0;0;0;0;0;0;0;12996;-12996;0;0;0;0;12996;-12996
85414022;0;0;0;0;0;0;0;0;0;0;0;0;0;0;0;0;0;0;0;0;0;0;86;-86;0;0;0;0;923;-923;0;226;-226;0;0;0;0;1235;-1235
56029000;0;0;0;0;0;0;0;0;0;0;0;0;0;0;0;0;0;0;0;0;0;0;24;-24;0;0;0;0;587;-587;0;0;0;0;0;0;0;611;-611
29039130;0;0;0;0;0;0;0;0;0;0;0;0;0;0;0;0;0;0;0;25797;-25797;0;23842;-23842;0;0;0;0;0;0;0;0;0;0;17353;-17353;0;66992;-66992
85235110;0;0;0;0;0;0;0;0;0;0;0;0;0;0;0;0;0;0;0;0;0;0;0;0;0;0;0;0;0;0;0;7020;-7020;0;0;0;0;7020;-7020
94035000;0;0;0;0;0;0;0;0;0;0;0;0;0;0;0;0;0;0;0;0;0;0;0;0;0;0;0;0;0;0;0;4136;-4136;0;0;0;0;4136;-4136
72162100;0;0;0;0;0;0;0;0;0;0;0;0;0;0;0;0;0;0;0;0;0;0;0;0;0;0;0;0;0;0;0;211;-211;0;0;0;0;211;-211
90314990;0;0;0;0;0;0;0;0;0;0;0;0;0;2397464;-2397464;0;0;0;0;0;0;0;0;0;0;0;0;0;0;0;0;0;0;0;0;0;0;2397464;-2397464
70134900;0;0;0;0;0;0;0;4241;-4241;0;0;0;0;18987;-18987;0;0;0;0;0;0;0;0;0;0;25596;-25596;0;0;0;0;0;0;0;0;0;0;48824;-48824
69139000;0;0;0;0;0;0;0;0;0;0;0;0;0;1370;-1370;0;4001;-4001;0;0;0;0;0;0;0;0;0;0;0;0;0;1543;-1543;0;0;0;0;6914;-6914
48114110;0;0;0;0;0;0;0;0;0;0;0;0;0;0;0;0;0;0;0;0;0;0;0;0;0;0;0;0;172;-172;0;0;0;0;0;0;0;172;-172
34021290;0;0;0;0;0;0;0;0;0;0;0;0;0;0;0;0;0;0;0;0;0;0;0;0;0;70189;-70189;0;0;0;0;0;0;0;0;0;0;70189;-70189
94032000;0;0;0;0;26291;-26291;0;7159;-7159;0;0;0;0;0;0;10;0;10;0;7248;-7248;12;2386;-2374;0;4879;-4879;0;7004;-7004;0;0;0;15;0;15;37;54967;-54930
30021520;0;12265;-12265;0;30230;-30230;0;24120;-24120;0;0;0;0;24120;-24120;0;0;0;0;0;0;0;0;0;0;0;0;0;0;0;0;0;0;0;0;0;0;90735;-90735
66019900;0;0;0;0;0;0;0;21656;-21656;0;8099;-8099;0;0;0;0;0;0;0;0;0;0;0;0;0;0;0;0;0;0;0;0;0;0;0;0;0;29755;-29755
84159090;0;0;0;0;0;0;0;0;0;0;0;0;0;0;0;0;332;-332;0;0;0;0;0;0;0;0;0;0;0;0;0;0;0;0;0;0;0;332;-332
48232010;0;11124;-11124;0;0;0;0;0;0;0;0;0;0;0;0;0;0;0;0;0;0;0;0;0;0;4289;-4289;0;0;0;0;0;0;0;0;0;0;15413;-15413
68159990;0;0;0;0;2692;-2692;0;0;0;0;0;0;0;0;0;0;0;0;0;2;-2;0;0;0;0;0;0;0;0;0;0;0;0;0;0;0;0;2694;-2694
85176259;0;0;0;0;0;0;0;0;0;0;0;0;0;0;0;0;110;-110;0;0;0;0;0;0;0;0;0;0;7560;-7560;0;0;0;0;0;0;0;7670;-7670
85412920;0;0;0;0;0;0;0;0;0;0;0;0;0;0;0;0;18456;-18456;0;0;0;0;0;0;0;0;0;0;0;0;0;0;0;0;11322;-11322;0;29778;-29778
68138110;0;0;0;0;0;0;0;0;0;0;0;0;0;0;0;0;0;0;0;311;-311;0;18320;-18320;0;0;0;0;0;0;0;0;0;0;0;0;0;18631;-18631
84099190;0;9149;-9149;0;14;-14;0;2508;-2508;0;0;0;0;0;0;0;0;0;0;15;-15;0;0;0;0;0;0;0;0;0;0;12254;-12254;0;0;0;0;23940;-23940
39209990;0;1668;-1668;0;0;0;0;0;0;0;0;0;0;0;0;0;0;0;0;1080;-1080;0;0;0;0;0;0;0;1668;-1668;0;0;0;0;0;0;0;4416;-4416
94039090;0;0;0;0;0;0;0;0;0;0;0;0;0;0;0;0;0;0;0;0;0;0;0;0;0;0;0;0;0;0;0;588;-588;0;0;0;0;588;-588
29161519;0;0;0;0;0;0;0;0;0;0;0;0;0;0;0;0;0;0;0;0;0;0;0;0;0;0;0;0;0;0;0;5255;-5255;0;0;0;0;5255;-5255
94059200;0;0;0;0;0;0;0;0;0;0;0;0;0;0;0;0;0;0;0;0;0;0;0;0;0;0;0;0;0;0;0;98;-98;0;0;0;0;98;-98
84145910;0;270;-270;0;0;0;0;122;-122;0;0;0;0;0;0;0;69;-69;0;0;0;0;0;0;0;0;0;0;0;0;0;0;0;0;0;0;0;461;-461
84609090;0;0;0;0;0;0;0;0;0;0;0;0;0;0;0;0;1626;-1626;0;0;0;0;0;0;0;0;0;0;0;0;0;0;0;0;0;0;0;1626;-1626
85176211;0;0;0;0;0;0;0;4771;-4771;0;0;0;0;0;0;0;0;0;0;0;0;0;0;0;0;0;0;0;0;0;0;0;0;0;0;0;0;4771;-4771
40119090;0;1877;-1877;0;0;0;0;0;0;0;0;0;0;0;0;0;0;0;0;0;0;0;0;0;0;0;0;0;0;0;0;0;0;0;0;0;0;1877;-1877
90171090;0;0;0;0;0;0;0;247;-247;0;0;0;0;0;0;0;0;0;0;0;0;0;0;0;0;0;0;0;0;0;0;0;0;0;0;0;0;247;-247
39219019;0;0;0;0;0;0;0;42096;-42096;0;0;0;0;0;0;0;0;0;0;0;0;0;0;0;0;0;0;0;0;0;0;0;0;0;0;0;0;42096;-42096
76101000;0;0;0;0;0;0;0;0;0;0;0;0;0;0;0;0;0;0;0;0;0;0;0;0;0;0;0;0;0;0;0;0;0;0;515;-515;0;515;-515
27101932;0;0;0;0;0;0;0;0;0;0;0;0;0;0;0;0;0;0;0;0;0;0;0;0;0;0;0;0;0;0;0;0;0;0;204;-204;0;204;-204
38159092;0;0;0;0;0;0;0;0;0;0;0;0;0;0;0;0;0;0;0;0;0;0;0;0;0;0;0;0;0;0;0;0;0;0;341160;-341160;0;341160;-341160
82032010;0;0;0;0;0;0;0;138;-138;0;0;0;0;0;0;0;0;0;0;0;0;0;0;0;0;0;0;0;0;0;0;0;0;0;0;0;0;138;-138
40092290;0;0;0;0;0;0;0;0;0;0;0;0;0;0;0;0;75678;-75678;0;0;0;0;151363;-151363;0;0;0;0;0;0;0;240134;-240134;0;198309;-198309;0;665484;-665484
90262010;0;0;0;116;89;27;0;0;0;0;0;0;0;0;0;0;0;0;0;45;-45;0;461;-461;0;272;-272;0;0;0;0;41;-41;0;339;-339;116;1247;-1131
84193900;0;0;0;0;0;0;0;0;0;0;418008;-418008;0;0;0;0;0;0;0;0;0;0;0;0;0;0;0;0;0;0;0;0;0;0;0;0;0;418008;-418008
84213100;0;879;-879;0;0;0;0;0;0;0;0;0;0;0;0;0;866;-866;0;56;-56;0;0;0;0;0;0;0;0;0;0;0;0;0;0;0;0;1801;-1801
39191090;0;0;0;0;0;0;0;0;0;0;0;0;0;0;0;0;0;0;0;0;0;0;0;0;0;389;-389;0;0;0;0;0;0;0;802;-802;0;1191;-1191
85015110;0;0;0;0;0;0;0;0;0;0;0;0;0;0;0;0;0;0;0;335;-335;0;0;0;0;16493;-16493;0;290;-290;0;0;0;0;0;0;0;17118;-17118
34039900;0;0;0;0;0;0;0;0;0;0;0;0;0;0;0;0;0;0;0;0;0;0;596;-596;0;0;0;0;0;0;0;0;0;0;0;0;0;596;-596
73151210;0;0;0;0;13030;-13030;0;0;0;0;0;0;0;0;0;0;0;0;0;0;0;0;0;0;0;0;0;0;0;0;0;13064;-13064;0;4230;-4230;0;30324;-30324
84833010;0;0;0;0;0;0;0;0;0;0;0;0;0;0;0;0;0;0;0;359;-359;0;56;-56;0;0;0;0;0;0;0;0;0;0;0;0;0;415;-415
56079090;0;18088;-18088;0;0;0;0;0;0;0;42373;-42373;0;10653;-10653;0;0;0;0;53985;-53985;0;0;0;0;100081;-100081;0;58780;-58780;0;16341;-16341;0;0;0;0;300301;-300301
83062900;0;0;0;0;0;0;0;0;0;0;0;0;0;0;0;0;0;0;0;0;0;0;0;0;0;0;0;0;0;0;0;507;-507;0;0;0;0;507;-507
84818095;0;0;0;0;0;0;0;0;0;0;0;0;0;0;0;0;0;0;0;6442;-6442;0;0;0;0;0;0;0;0;0;0;995;-995;0;0;0;0;7437;-7437
84825090;0;0;0;0;505;-505;0;0;0;0;0;0;0;0;0;0;0;0;0;0;0;0;0;0;0;0;0;0;452;-452;0;0;0;0;0;0;0;957;-957
25231000;0;0;0;0;0;0;0;0;0;0;0;0;0;0;0;0;0;0;0;0;0;0;0;0;0;0;0;0;589953;-589953;0;0;0;0;0;0;0;589953;-589953
90183929;0;0;0;0;0;0;0;0;0;0;0;0;0;0;0;0;232000;-232000;0;0;0;0;0;0;0;0;0;0;0;0;0;0;0;0;0;0;0;232000;-232000
57029900;0;0;0;0;1635;-1635;0;0;0;0;0;0;0;0;0;0;0;0;0;0;0;0;0;0;0;3472;-3472;0;0;0;0;0;0;0;0;0;0;5107;-5107
84199040;0;0;0;0;0;0;0;2036;-2036;0;0;0;0;0;0;0;2151;-2151;0;0;0;0;0;0;0;0;0;0;0;0;0;0;0;0;0;0;0;4187;-4187
63029100;0;0;0;0;94900;-94900;0;0;0;0;0;0;0;0;0;0;0;0;0;0;0;0;0;0;0;0;0;0;0;0;0;0;0;0;0;0;0;94900;-94900
85076000;0;0;0;0;0;0;0;5605;-5605;0;0;0;0;0;0;0;0;0;0;0;0;0;0;0;0;0;0;0;0;0;0;0;0;0;0;0;0;5605;-5605
40101200;0;0;0;0;2091;-2091;0;18461;-18461;0;0;0;0;0;0;0;0;0;0;3043;-3043;0;0;0;0;0;0;0;0;0;0;0;0;0;0;0;0;23595;-23595
31042090;0;0;0;0;0;0;0;0;0;0;0;0;0;0;0;0;0;0;0;0;0;0;0;0;0;0;0;0;0;0;0;894100;-894100;0;1739035;-1739035;0;2633135;-2633135
20093900;0;230796;-230796;40493;0;40493;22320;0;22320;0;0;0;0;0;0;0;0;0;0;0;0;0;0;0;0;0;0;0;0;0;0;0;0;0;0;0;62813;230796;-167983
29252923;0;27324;-27324;0;0;0;0;0;0;0;0;0;0;0;0;0;0;0;0;0;0;0;0;0;0;0;0;0;0;0;0;0;0;0;30164;-30164;0;57488;-57488
81029500;0;0;0;0;0;0;0;0;0;0;11257;-11257;0;0;0;0;0;0;0;0;0;0;0;0;0;0;0;0;0;0;0;0;0;0;0;0;0;11257;-11257
85112010;0;1145;-1145;0;0;0;0;0;0;0;0;0;0;0;0;0;0;0;0;0;0;0;0;0;0;0;0;0;0;0;0;0;0;0;0;0;0;1145;-1145
84622900;0;10102;-10102;0;0;0;0;0;0;0;0;0;0;0;0;0;0;0;0;0;0;0;0;0;0;0;0;0;0;0;0;0;0;0;0;0;0;10102;-10102
82083000;0;0;0;0;0;0;0;0;0;0;4242;-4242;0;0;0;0;0;0;0;0;0;0;7742;-7742;0;0;0;0;4970;-4970;0;4599;-4599;0;0;0;0;21553;-21553
84135090;0;0;0;0;7499;-7499;0;1213;-1213;0;0;0;0;0;0;0;0;0;0;0;0;0;0;0;0;0;0;0;0;0;0;0;0;0;0;0;0;8712;-8712
84149020;0;0;0;0;0;0;0;0;0;0;0;0;0;0;0;0;0;0;0;0;0;0;120;-120;0;0;0;0;118;-118;0;0;0;0;0;0;0;238;-238
31024000;0;0;0;0;0;0;0;0;0;0;0;0;0;0;0;0;0;0;0;0;0;0;0;0;0;0;0;0;0;0;0;305461;-305461;0;0;0;0;305461;-305461
90259090;0;0;0;0;0;0;0;0;0;0;0;0;0;0;0;0;0;0;0;1425;-1425;0;0;0;0;0;0;0;0;0;0;0;0;0;0;0;0;1425;-1425
94051093;0;0;0;0;0;0;0;0;0;0;0;0;0;0;0;0;0;0;0;1428;-1428;0;0;0;0;0;0;0;0;0;0;0;0;0;0;0;0;1428;-1428
39191010;13;0;13;0;0;0;0;0;0;0;0;0;0;0;0;0;0;0;0;0;0;0;0;0;0;0;0;0;0;0;0;349;-349;0;0;0;13;349;-336
84133090;0;0;0;0;0;0;0;0;0;0;0;0;0;0;0;0;0;0;0;0;0;0;0;0;0;0;0;0;0;0;0;14168;-14168;0;0;0;0;14168;-14168
82130000;0;0;0;0;0;0;0;0;0;0;0;0;0;0;0;0;0;0;0;0;0;0;0;0;0;0;0;0;314;-314;0;0;0;0;1178;-1178;0;1492;-1492
82073000;0;0;0;0;0;0;0;0;0;0;5965;-5965;0;1397;-1397;0;0;0;0;0;0;0;0;0;0;87;-87;0;0;0;0;0;0;0;0;0;0;7449;-7449
62101000;0;0;0;0;0;0;0;0;0;0;0;0;0;76000;-76000;0;0;0;0;0;0;0;178315;-178315;0;62532;-62532;0;0;0;0;118201;-118201;0;73500;-73500;0;508548;-508548
96071900;0;13722;-13722;0;0;0;0;0;0;0;0;0;0;0;0;0;0;0;0;0;0;0;0;0;0;0;0;0;0;0;0;0;0;0;21559;-21559;0;35281;-35281
84752990;0;0;0;0;0;0;0;30752;-30752;0;204024;-204024;0;0;0;0;0;0;0;0;0;0;0;0;0;0;0;0;0;0;0;0;0;0;0;0;0;234776;-234776
63014000;0;0;0;0;788;-788;0;0;0;0;0;0;0;0;0;0;6108;-6108;0;0;0;0;0;0;0;0;0;0;0;0;0;0;0;0;0;0;0;6896;-6896
62052000;0;0;0;0;0;0;0;13084;-13084;0;0;0;0;0;0;0;0;0;0;0;0;0;0;0;0;0;0;0;0;0;0;0;0;0;0;0;0;13084;-13084
28151100;0;0;0;0;0;0;0;0;0;0;0;0;0;0;0;0;0;0;0;0;0;0;0;0;0;0;0;0;0;0;0;0;0;0;9260;-9260;0;9260;-9260
84829120;0;0;0;0;0;0;0;0;0;0;0;0;0;0;0;0;435;-435;0;0;0;0;0;0;0;0;0;0;0;0;0;0;0;0;0;0;0;435;-435
85015190;0;873;-873;0;0;0;0;2432;-2432;0;0;0;0;0;0;0;1054;-1054;0;0;0;0;0;0;0;0;0;0;0;0;0;1831;-1831;0;0;0;0;6190;-6190
85362000;0;0;0;0;0;0;0;0;0;0;0;0;0;0;0;0;358;-358;0;0;0;0;0;0;0;0;0;0;0;0;0;0;0;0;0;0;0;358;-358
73072900;0;0;0;0;3450;-3450;0;0;0;0;0;0;0;0;0;0;0;0;0;0;0;0;0;0;0;0;0;0;0;0;0;0;0;0;0;0;0;3450;-3450
39231090;0;0;0;0;0;0;0;0;0;0;0;0;0;0;0;0;0;0;0;0;0;0;476;-476;0;0;0;0;0;0;0;0;0;0;0;0;0;476;-476
84484200;0;0;0;0;0;0;0;0;0;0;0;0;0;0;0;0;0;0;0;0;0;0;0;0;0;0;0;0;3026;-3026;0;0;0;0;0;0;0;3026;-3026
63023200;0;0;0;0;29812;-29812;0;0;0;0;0;0;0;0;0;0;9304;-9304;0;0;0;0;0;0;0;0;0;0;20515;-20515;0;0;0;0;0;0;0;59631;-59631
84289090;0;0;0;0;0;0;0;0;0;0;0;0;0;0;0;0;870;-870;0;0;0;0;435682;-435682;0;0;0;0;2410;-2410;0;0;0;0;0;0;0;438962;-438962
55092100;0;118696;-118696;0;31382;-31382;0;0;0;0;156859;-156859;0;0;0;0;0;0;0;33943;-33943;0;36475;-36475;0;102313;-102313;0;123454;-123454;0;0;0;0;93271;-93271;0;696393;-696393
63039200;0;0;0;0;0;0;0;0;0;0;0;0;0;965;-965;0;0;0;0;0;0;0;0;0;0;0;0;0;0;0;0;0;0;0;0;0;0;965;-965
82159910;0;0;0;0;0;0;0;0;0;0;0;0;0;2266;-2266;0;0;0;0;0;0;0;0;0;0;0;0;0;0;0;0;0;0;0;0;0;0;2266;-2266
87089200;0;0;0;0;1786;-1786;0;0;0;0;0;0;0;0;0;0;0;0;0;0;0;0;0;0;0;0;0;0;0;0;0;0;0;0;0;0;0;1786;-1786
85176254;0;0;0;0;0;0;0;4188;-4188;0;0;0;0;0;0;0;0;0;0;0;0;0;0;0;0;0;0;0;0;0;0;0;0;0;0;0;0;4188;-4188
66019190;0;0;0;0;0;0;0;5407;-5407;0;0;0;0;0;0;0;0;0;0;0;0;0;0;0;0;0;0;0;0;0;0;0;0;0;0;0;0;5407;-5407
34021190;0;0;0;0;0;0;0;0;0;0;0;0;0;0;0;0;0;0;0;16260;-16260;0;0;0;0;0;0;0;0;0;0;0;0;0;40703;-40703;0;56963;-56963
90222990;0;0;0;0;0;0;0;0;0;0;0;0;0;0;0;0;0;0;0;0;0;0;0;0;0;0;0;0;0;0;0;0;0;0;145439;-145439;0;145439;-145439
84836011;0;0;0;0;0;0;0;140;-140;0;0;0;0;0;0;0;0;0;0;0;0;0;0;0;0;0;0;0;0;0;0;0;0;0;0;0;0;140;-140
85366100;0;0;0;0;0;0;0;0;0;0;0;0;0;304;-304;0;0;0;0;0;0;0;0;0;0;0;0;0;18;-18;0;44;-44;0;53;-53;0;419;-419
3036300;0;0;0;0;0;0;0;53385;-53385;0;0;0;0;0;0;0;0;0;0;0;0;0;0;0;0;0;0;0;0;0;0;0;0;0;0;0;0;53385;-53385
84561119;0;0;0;0;0;0;0;0;0;0;0;0;0;0;0;0;0;0;0;0;0;0;0;0;0;0;0;0;0;0;0;0;0;0;6609;-6609;0;6609;-6609
90271000;0;88310;-88310;0;0;0;0;0;0;0;0;0;0;0;0;0;0;0;0;0;0;0;0;0;0;0;0;0;0;0;0;0;0;0;2326;-2326;0;90636;-90636
60053700;0;0;0;0;0;0;0;0;0;0;0;0;0;0;0;0;0;0;0;7075;-7075;0;0;0;0;0;0;0;0;0;0;48223;-48223;0;0;0;0;55298;-55298
29161911;0;57784;-57784;0;0;0;0;0;0;0;0;0;0;0;0;0;0;0;0;0;0;0;0;0;0;48685;-48685;0;0;0;0;23482;-23482;0;0;0;0;129951;-129951
56049090;0;0;0;0;0;0;0;0;0;0;0;0;0;0;0;0;21063;-21063;0;0;0;0;0;0;0;0;0;0;0;0;0;0;0;0;0;0;0;21063;-21063
72103090;0;0;0;0;0;0;0;0;0;0;0;0;0;0;0;0;68464;-68464;0;37195;-37195;0;0;0;0;0;0;0;0;0;0;0;0;0;0;0;0;105659;-105659
84145990;0;0;0;0;0;0;0;0;0;0;0;0;0;0;0;0;0;0;5102;0;5102;0;0;0;0;2045;-2045;0;0;0;0;463;-463;0;0;0;5102;2508;2594
39269022;0;0;0;0;0;0;0;0;0;0;2564;-2564;0;0;0;0;0;0;0;0;0;0;0;0;0;0;0;0;0;0;0;2707;-2707;0;0;0;0;5271;-5271
39069019;0;0;0;0;0;0;0;0;0;0;0;0;0;0;0;0;0;0;0;0;0;0;0;0;0;0;0;0;50306;-50306;0;0;0;0;0;0;0;50306;-50306
84419000;0;0;0;0;0;0;0;0;0;0;0;0;0;0;0;0;0;0;0;0;0;0;0;0;0;2878;-2878;0;0;0;0;0;0;0;0;0;0;2878;-2878
91052100;0;0;0;0;0;0;0;0;0;0;0;0;0;663;-663;0;0;0;0;0;0;0;0;0;0;0;0;0;0;0;0;0;0;0;0;0;0;663;-663
85168010;14678;0;14678;5363;0;5363;1602;0;1602;7406;0;7406;17882;0;17882;4581;772;3809;42294;0;42294;22062;0;22062;11594;0;11594;24171;0;24171;9468;0;9468;18863;0;18863;179964;772;179192
39253000;0;0;0;0;0;0;0;0;0;0;0;0;0;347;-347;0;0;0;0;0;0;0;0;0;0;0;0;0;0;0;0;0;0;0;0;0;0;347;-347
47032100;0;69061;-69061;0;131327;-131327;0;65353;-65353;0;0;0;0;66816;-66816;0;0;0;0;0;0;0;0;0;0;125715;-125715;0;62969;-62969;0;0;0;0;132215;-132215;0;653456;-653456
69032090;0;0;0;0;0;0;0;5566;-5566;0;0;0;0;0;0;0;0;0;0;5110;-5110;0;0;0;0;0;0;0;0;0;0;0;0;0;0;0;0;10676;-10676
16042090;0;0;0;0;0;0;0;3043;-3043;0;0;0;0;0;0;0;0;0;0;0;0;0;0;0;0;0;0;0;0;0;0;0;0;0;0;0;0;3043;-3043
84481900;0;0;0;0;18416;-18416;0;0;0;0;0;0;0;0;0;0;0;0;0;0;0;0;0;0;0;0;0;0;0;0;0;0;0;0;0;0;0;18416;-18416
55095100;0;0;0;0;0;0;0;0;0;0;0;0;0;0;0;0;0;0;0;0;0;0;28378;-28378;0;0;0;0;0;0;0;0;0;0;0;0;0;28378;-28378
85462000;0;0;0;0;0;0;0;233;-233;0;0;0;0;0;0;0;0;0;0;0;0;0;0;0;0;0;0;0;637;-637;0;0;0;0;0;0;0;870;-870
84529099;0;0;0;0;0;0;0;0;0;0;569;-569;0;0;0;0;0;0;0;0;0;0;0;0;0;0;0;0;0;0;0;3226;-3226;0;0;0;0;3795;-3795
90251990;0;2059;-2059;0;0;0;0;478;-478;0;0;0;0;0;0;0;254;-254;0;0;0;0;0;0;0;0;0;0;0;0;0;0;0;0;0;0;0;2791;-2791
90178090;0;0;0;0;0;0;0;0;0;0;0;0;0;0;0;0;0;0;0;0;0;0;0;0;0;0;0;0;97;-97;0;0;0;0;0;0;0;97;-97
84099118;0;20280;-20280;0;0;0;0;0;0;0;0;0;0;0;0;0;0;0;0;0;0;0;0;0;0;0;0;0;0;0;0;0;0;0;12523;-12523;0;32803;-32803
54075100;0;60606;-60606;0;0;0;0;59541;-59541;0;0;0;0;0;0;0;0;0;0;0;0;0;61895;-61895;0;0;0;0;53113;-53113;0;0;0;0;131516;-131516;0;366671;-366671
38151900;0;0;0;0;0;0;0;0;0;0;0;0;0;0;0;0;0;0;0;0;0;0;0;0;0;0;0;0;0;0;0;0;0;0;115641;-115641;0;115641;-115641
54075210;0;0;0;0;0;0;0;0;0;0;0;0;0;8761;-8761;0;0;0;0;0;0;0;11042;-11042;0;0;0;0;15709;-15709;0;7531;-7531;0;11239;-11239;0;54282;-54282
85411021;0;0;0;0;0;0;0;0;0;0;0;0;0;0;0;0;2522;-2522;0;0;0;0;0;0;0;2370;-2370;0;0;0;0;0;0;0;0;0;0;4892;-4892
74199930;0;0;0;0;0;0;0;0;0;0;29;-29;0;0;0;0;0;0;0;0;0;0;0;0;0;0;0;0;0;0;0;26;-26;0;0;0;0;55;-55
84283300;0;0;0;0;81233;-81233;0;0;0;0;0;0;0;0;0;0;0;0;0;0;0;0;0;0;0;0;0;0;0;0;0;0;0;0;0;0;0;81233;-81233
74199990;0;1591;-1591;0;0;0;0;0;0;0;0;0;0;0;0;0;0;0;0;0;0;0;0;0;0;355;-355;0;0;0;0;0;0;0;0;0;0;1946;-1946
62160000;0;0;0;0;0;0;0;0;0;0;0;0;0;0;0;0;2253;-2253;0;0;0;0;0;0;0;0;0;0;0;0;0;0;0;0;0;0;0;2253;-2253
69091910;0;0;0;0;0;0;0;0;0;0;0;0;0;0;0;0;3006;-3006;0;0;0;0;0;0;0;0;0;0;0;0;0;0;0;0;0;0;0;3006;-3006
90278020;0;0;0;0;0;0;0;0;0;0;0;0;0;0;0;0;0;0;0;112630;-112630;0;0;0;0;0;0;0;0;0;0;0;0;0;0;0;0;112630;-112630
73202090;0;0;0;0;0;0;0;0;0;0;0;0;0;0;0;0;0;0;0;4;-4;0;0;0;0;0;0;0;0;0;0;28;-28;0;0;0;0;32;-32
73042310;0;0;0;0;0;0;0;0;0;0;0;0;0;0;0;0;0;0;0;0;0;0;5929;-5929;0;0;0;0;0;0;0;0;0;0;0;0;0;5929;-5929
95059000;0;0;0;0;0;0;0;0;0;0;0;0;0;0;0;0;3766;-3766;0;0;0;0;0;0;0;0;0;0;0;0;0;6149;-6149;0;0;0;0;9915;-9915
84199010;0;0;0;0;0;0;0;1677;-1677;0;0;0;0;0;0;0;0;0;0;0;0;0;0;0;0;0;0;0;0;0;0;1352;-1352;0;0;0;0;3029;-3029
90318011;0;0;0;0;0;0;0;0;0;0;0;0;0;0;0;0;0;0;0;0;0;0;7014;-7014;0;0;0;0;0;0;0;0;0;0;0;0;0;7014;-7014
85098090;0;0;0;0;0;0;0;0;0;0;0;0;0;0;0;0;0;0;0;0;0;0;0;0;0;0;0;0;718;-718;0;0;0;0;0;0;0;718;-718
84411010;0;0;0;0;0;0;0;0;0;0;0;0;0;0;0;0;0;0;0;0;0;0;0;0;0;7272;-7272;0;0;0;0;0;0;0;0;0;0;7272;-7272
90291010;0;0;0;0;0;0;0;0;0;0;0;0;0;0;0;0;151;-151;0;0;0;0;0;0;0;0;0;0;0;0;0;0;0;0;0;0;0;151;-151
90328990;0;0;0;0;0;0;0;191;-191;0;0;0;0;0;0;0;0;0;0;0;0;0;0;0;0;0;0;0;0;0;0;0;0;0;0;0;0;191;-191
84311010;0;0;0;0;1391;-1391;0;0;0;0;0;0;0;0;0;0;0;0;0;0;0;0;0;0;0;0;0;0;0;0;0;0;0;0;0;0;0;1391;-1391
69111010;0;0;0;0;23813;-23813;0;0;0;0;0;0;0;0;0;0;0;0;0;0;0;0;0;0;0;0;0;0;0;0;0;0;0;0;0;0;0;23813;-23813
76061290;0;0;0;0;0;0;0;0;0;0;0;0;0;0;0;0;0;0;0;0;0;0;0;0;0;0;0;0;0;0;0;0;0;0;5525;-5525;0;5525;-5525
85171222;0;0;0;0;0;0;0;40312;-40312;0;0;0;0;0;0;0;0;0;0;0;0;0;0;0;0;0;0;0;0;0;0;0;0;0;0;0;0;40312;-40312
87085099;0;0;0;0;0;0;0;1076;-1076;0;0;0;0;0;0;0;1191;-1191;0;4340;-4340;0;3311;-3311;0;0;0;0;5518;-5518;0;0;0;0;0;0;0;15436;-15436
85122011;0;0;0;0;0;0;0;0;0;0;0;0;0;0;0;0;0;0;0;0;0;0;26;-26;0;0;0;0;0;0;0;0;0;0;5626;-5626;0;5652;-5652
85441100;0;0;0;0;436;-436;0;0;0;0;441;-441;0;0;0;0;0;0;0;0;0;0;0;0;0;0;0;0;0;0;0;0;0;0;0;0;0;877;-877
57039000;0;13587;-13587;0;0;0;0;0;0;0;0;0;0;0;0;0;0;0;0;0;0;0;0;0;0;16464;-16464;0;0;0;0;8880;-8880;0;0;0;0;38931;-38931
39269040;0;0;0;0;0;0;0;0;0;0;0;0;0;0;0;0;3054;-3054;0;0;0;0;0;0;0;0;0;0;0;0;0;0;0;0;0;0;0;3054;-3054
84818091;0;186;-186;0;0;0;0;0;0;0;559;-559;0;0;0;0;0;0;0;0;0;0;0;0;0;0;0;0;0;0;0;0;0;0;0;0;0;745;-745
85182990;0;1235;-1235;0;0;0;0;0;0;0;0;0;0;0;0;0;0;0;0;0;0;0;0;0;0;0;0;0;0;0;0;0;0;0;0;0;0;1235;-1235
73151100;0;0;0;0;0;0;0;429;-429;0;0;0;0;0;0;0;0;0;0;0;0;0;79;-79;0;0;0;0;0;0;0;0;0;0;0;0;0;508;-508
39172900;943;0;943;950;0;950;4160;0;4160;6898;0;6898;1135;0;1135;1197;21;1176;2292;0;2292;8170;0;8170;7453;0;7453;8042;0;8042;0;0;0;0;0;0;41240;21;41219
82032090;0;0;0;0;0;0;0;0;0;0;0;0;0;0;0;0;0;0;0;0;0;0;524;-524;0;0;0;0;0;0;0;0;0;0;0;0;0;524;-524
85045000;0;0;0;0;0;0;0;0;0;0;0;0;0;0;0;0;0;0;0;0;0;0;0;0;0;0;0;0;238;-238;0;0;0;0;0;0;0;238;-238
90049090;0;0;0;0;0;0;0;0;0;0;0;0;0;0;0;0;0;0;0;0;0;0;0;0;0;3951;-3951;0;0;0;0;0;0;0;0;0;0;3951;-3951
68159911;0;0;0;0;0;0;0;0;0;0;0;0;0;270681;-270681;0;0;0;0;0;0;0;0;0;0;0;0;0;0;0;0;0;0;0;0;0;0;270681;-270681
39171029;0;0;0;0;0;0;0;0;0;0;0;0;0;10798;-10798;0;0;0;0;0;0;0;0;0;0;0;0;0;0;0;0;0;0;0;0;0;0;10798;-10798
57050000;0;0;0;0;0;0;0;0;0;0;0;0;0;0;0;0;0;0;0;0;0;0;0;0;0;12000;-12000;0;0;0;0;0;0;0;0;0;0;12000;-12000
85122019;0;0;0;0;302;-302;0;0;0;0;0;0;0;921;-921;0;0;0;0;0;0;0;0;0;0;0;0;0;0;0;0;0;0;0;0;0;0;1223;-1223
90321090;0;0;0;0;0;0;0;6;-6;0;0;0;0;0;0;0;0;0;0;0;0;0;0;0;0;0;0;0;0;0;0;0;0;0;6;-6;0;12;-12
84143011;0;0;0;0;0;0;0;0;0;0;0;0;0;0;0;0;471;-471;0;0;0;0;0;0;0;0;0;0;0;0;0;0;0;0;0;0;0;471;-471
74101119;0;1255;-1255;0;0;0;0;0;0;0;0;0;0;0;0;0;0;0;0;0;0;0;0;0;0;0;0;0;0;0;0;0;0;0;0;0;0;1255;-1255
62034300;0;0;0;0;72936;-72936;0;0;0;0;0;0;0;0;0;0;0;0;0;0;0;0;0;0;0;0;0;0;0;0;0;0;0;0;0;0;0;72936;-72936
39173240;0;0;0;0;159;-159;0;0;0;0;0;0;0;0;0;0;0;0;0;0;0;0;0;0;0;0;0;0;0;0;0;0;0;0;0;0;0;159;-159
84122110;0;0;0;0;1843;-1843;0;0;0;0;0;0;0;0;0;0;0;0;0;0;0;0;41451;-41451;0;0;0;0;0;0;0;0;0;0;0;0;0;43294;-43294
63079010;0;0;0;0;0;0;0;0;0;0;170000;-170000;0;0;0;0;0;0;0;11862;-11862;0;0;0;0;0;0;0;0;0;0;0;0;0;0;0;0;181862;-181862
84149010;0;0;0;0;0;0;0;0;0;0;0;0;0;0;0;0;0;0;0;0;0;0;419;-419;0;0;0;0;0;0;0;0;0;0;0;0;0;419;-419
76071990;0;0;0;0;0;0;0;0;0;0;0;0;0;0;0;0;0;0;0;555;-555;0;0;0;0;0;0;0;0;0;0;0;0;0;0;0;0;555;-555
84483219;0;0;0;0;0;0;0;0;0;0;0;0;0;0;0;0;0;0;0;838;-838;0;0;0;0;0;0;0;0;0;0;0;0;0;0;0;0;838;-838
90272012;0;0;0;0;0;0;0;0;0;0;0;0;0;0;0;0;0;0;0;20370;-20370;0;0;0;0;0;0;0;0;0;0;0;0;0;0;0;0;20370;-20370
72043000;0;0;0;0;0;0;0;0;0;0;0;0;0;0;0;0;0;0;0;0;0;0;0;0;0;0;0;0;0;0;0;3795;-3795;0;0;0;0;3795;-3795
87082914;0;0;0;0;0;0;0;0;0;0;0;0;0;0;0;0;0;0;0;0;0;0;0;0;0;0;0;0;19079;-19079;0;0;0;0;0;0;0;19079;-19079
90262090;0;0;0;0;0;0;0;647;-647;0;0;0;0;0;0;0;0;0;0;0;0;0;0;0;0;2056;-2056;0;0;0;0;0;0;0;0;0;0;2703;-2703
67029000;0;0;0;0;0;0;0;0;0;0;0;0;0;0;0;0;3519;-3519;0;0;0;0;0;0;0;0;0;0;0;0;0;2692;-2692;0;14054;-14054;0;20265;-20265
84716061;0;0;0;0;0;0;0;0;0;0;0;0;0;0;0;0;0;0;0;0;0;0;0;0;0;0;0;0;0;0;0;0;0;0;5454;-5454;0;5454;-5454
52029100;0;0;0;0;0;0;0;0;0;0;9291;-9291;0;0;0;0;0;0;0;0;0;0;0;0;0;0;0;0;0;0;0;0;0;0;0;0;0;9291;-9291
90279099;0;0;0;0;0;0;0;0;0;0;0;0;0;0;0;0;0;0;0;0;0;0;4238;-4238;0;1636;-1636;0;0;0;0;0;0;0;0;0;0;5874;-5874
91052900;0;0;0;0;0;0;0;1848;-1848;0;0;0;0;0;0;0;0;0;0;0;0;0;0;0;0;0;0;0;0;0;0;4304;-4304;0;0;0;0;6152;-6152
84135010;0;0;0;0;0;0;0;0;0;0;0;0;0;0;0;0;0;0;0;2081;-2081;0;0;0;0;0;0;0;0;0;0;0;0;0;0;0;0;2081;-2081
85043119;0;424;-424;0;0;0;0;0;0;0;0;0;0;0;0;0;0;0;0;0;0;0;0;0;0;0;0;0;1665;-1665;0;15;-15;0;0;0;0;2104;-2104
96072000;0;23371;-23371;0;0;0;0;0;0;0;0;0;0;0;0;0;0;0;0;0;0;0;0;0;0;0;0;0;0;0;0;0;0;0;31426;-31426;0;54797;-54797
69149000;0;0;0;0;0;0;0;0;0;0;0;0;0;0;0;0;0;0;0;0;0;0;0;0;0;0;0;0;0;0;0;0;0;0;3828;-3828;0;3828;-3828
87089300;0;0;0;0;0;0;0;1787;-1787;0;0;0;0;0;0;0;0;0;0;0;0;0;0;0;0;0;0;0;0;0;0;0;0;0;0;0;0;1787;-1787
87168000;0;0;0;0;0;0;0;20279;-20279;0;0;0;0;0;0;0;0;0;0;0;0;0;0;0;0;19208;-19208;0;0;0;0;0;0;0;0;0;0;39487;-39487
76041021;0;0;0;0;0;0;0;0;0;0;0;0;0;0;0;0;0;0;0;0;0;0;0;0;0;0;0;0;0;0;0;0;0;0;2806;-2806;0;2806;-2806
63026000;0;0;0;0;0;0;0;0;0;0;0;0;0;0;0;0;8307;-8307;0;0;0;0;0;0;0;0;0;0;0;0;0;0;0;0;0;0;0;8307;-8307
85122029;0;4700;-4700;0;0;0;0;0;0;0;0;0;0;0;0;0;0;0;0;0;0;0;0;0;0;0;0;0;0;0;0;0;0;0;0;0;0;4700;-4700
12099100;0;0;0;0;0;0;0;0;0;0;0;0;0;0;0;0;0;0;0;0;0;0;12360;-12360;0;0;0;0;0;0;0;0;0;0;0;0;0;12360;-12360
94059900;0;0;0;0;0;0;0;0;0;0;0;0;0;0;0;0;0;0;0;1034;-1034;0;0;0;0;0;0;0;0;0;0;881;-881;0;0;0;0;1915;-1915
84304190;0;0;0;0;0;0;0;0;0;0;0;0;0;0;0;0;0;0;0;0;0;0;0;0;0;0;0;0;482136;-482136;0;0;0;0;0;0;0;482136;-482136
84133030;0;1868;-1868;0;0;0;0;0;0;0;0;0;0;0;0;0;0;0;0;0;0;0;0;0;0;0;0;0;0;0;0;13340;-13340;0;0;0;0;15208;-15208
94018000;0;0;0;0;0;0;0;0;0;0;0;0;0;0;0;0;0;0;0;0;0;0;0;0;0;0;0;0;0;0;0;3268;-3268;0;0;0;0;3268;-3268
84485190;0;0;0;0;0;0;0;0;0;0;0;0;0;0;0;0;0;0;0;0;0;0;0;0;0;6838;-6838;0;0;0;0;13653;-13653;0;0;0;0;20491;-20491
82055100;0;0;0;0;0;0;0;0;0;0;0;0;0;14424;-14424;0;0;0;0;0;0;0;0;0;0;0;0;0;0;0;0;0;0;0;0;0;0;14424;-14424
30021590;0;0;0;0;0;0;0;0;0;0;0;0;0;60000;-60000;0;80000;-80000;0;0;0;0;0;0;0;0;0;0;0;0;0;0;0;0;4400;-4400;0;144400;-144400
73042390;0;207715;-207715;0;0;0;0;0;0;0;0;0;0;0;0;0;0;0;0;0;0;0;0;0;0;0;0;0;0;0;0;0;0;0;0;0;0;207715;-207715
69021018;0;655625;-655625;0;0;0;0;0;0;0;0;0;0;0;0;0;0;0;0;0;0;0;0;0;0;0;0;0;0;0;0;0;0;0;0;0;0;655625;-655625
84778090;0;72925;-72925;0;0;0;0;0;0;0;0;0;0;0;0;0;0;0;0;0;0;0;0;0;0;0;0;0;0;0;0;0;0;0;0;0;0;72925;-72925
90272019;0;0;0;0;80500;-80500;0;0;0;0;0;0;0;0;0;0;0;0;0;0;0;0;0;0;0;0;0;0;0;0;0;0;0;0;0;0;0;80500;-80500
84483991;0;0;0;0;0;0;0;0;0;0;0;0;0;0;0;0;0;0;0;0;0;0;0;0;0;0;0;0;0;0;0;8032;-8032;0;0;0;0;8032;-8032
40081100;0;0;0;0;0;0;0;0;0;0;0;0;0;0;0;0;0;0;0;0;0;0;0;0;0;0;0;0;542;-542;0;0;0;0;0;0;0;542;-542
70195100;0;0;0;0;0;0;0;0;0;0;0;0;0;0;0;0;0;0;0;0;0;0;0;0;0;0;0;0;241;-241;0;0;0;0;0;0;0;241;-241
85312000;0;0;0;0;0;0;0;11486;-11486;0;0;0;0;0;0;0;0;0;0;0;0;0;0;0;0;0;0;0;1301;-1301;0;8265;-8265;0;0;0;0;21052;-21052
7119000;0;0;0;0;0;0;0;0;0;0;0;0;0;0;0;0;0;0;0;0;0;0;0;0;0;0;0;0;0;0;0;10967;-10967;0;11137;-11137;0;22104;-22104
85319000;0;0;0;0;0;0;0;0;0;0;0;0;0;0;0;0;0;0;0;0;0;0;0;0;0;0;0;0;0;0;0;3955;-3955;0;0;0;0;3955;-3955
42029200;0;0;0;0;13880;-13880;0;0;0;0;0;0;0;476;-476;0;0;0;0;0;0;0;0;0;0;0;0;0;20648;-20648;0;0;0;0;0;0;0;35004;-35004
85044010;0;0;0;0;0;0;0;0;0;0;0;0;0;0;0;0;0;0;0;0;0;0;0;0;0;0;0;0;1529;-1529;0;0;0;0;0;0;0;1529;-1529
95051000;0;0;0;0;0;0;0;0;0;0;0;0;0;0;0;0;0;0;0;0;0;0;0;0;0;0;0;0;286;-286;0;0;0;0;0;0;0;286;-286
85469000;0;0;0;0;0;0;0;0;0;0;0;0;0;0;0;0;0;0;0;0;0;0;0;0;0;0;0;0;247;-247;0;0;0;0;0;0;0;247;-247
85141010;0;0;0;0;0;0;0;25927;-25927;0;0;0;0;0;0;0;0;0;0;0;0;0;0;0;0;0;0;0;0;0;0;0;0;0;0;0;0;25927;-25927
39181000;0;0;0;0;0;0;0;0;0;0;0;0;0;3990;-3990;0;0;0;0;0;0;0;0;0;0;0;0;0;0;0;0;0;0;0;0;0;0;3990;-3990
84178090;0;0;0;0;0;0;0;345094;-345094;0;0;0;0;0;0;0;0;0;0;0;0;0;0;0;0;0;0;0;0;0;0;0;0;0;0;0;0;345094;-345094
69101000;0;8753;-8753;0;0;0;0;0;0;0;0;0;0;0;0;0;0;0;0;0;0;0;0;0;0;0;0;0;0;0;0;0;0;0;262;-262;0;9015;-9015
58042100;0;0;0;0;0;0;0;0;0;0;0;0;0;0;0;0;0;0;0;0;0;0;39247;-39247;0;0;0;0;0;0;0;0;0;0;33992;-33992;0;73239;-73239
42022210;0;0;0;0;0;0;0;0;0;0;0;0;0;0;0;160;0;160;0;0;0;0;0;0;0;0;0;0;636;-636;0;0;0;0;0;0;160;636;-476
90303200;0;0;0;0;0;0;0;0;0;0;0;0;0;0;0;0;0;0;0;0;0;0;536;-536;0;0;0;0;0;0;0;0;0;0;0;0;0;536;-536
84136019;0;0;0;0;0;0;0;0;0;0;0;0;0;0;0;0;0;0;0;0;0;0;0;0;0;0;0;0;0;0;0;45;-45;0;0;0;0;45;-45
85367000;0;0;0;0;0;0;0;0;0;0;0;0;0;0;0;0;0;0;0;0;0;0;0;0;0;0;0;0;0;0;0;1100;-1100;0;0;0;0;1100;-1100
84818093;0;0;0;0;0;0;0;0;0;0;0;0;0;0;0;0;0;0;0;0;0;0;0;0;0;0;0;0;0;0;0;2064;-2064;0;0;0;0;2064;-2064
87149200;0;4411;-4411;0;0;0;0;0;0;0;0;0;0;0;0;0;0;0;0;0;0;0;0;0;0;4374;-4374;0;0;0;0;0;0;0;0;0;0;8785;-8785
84413090;0;0;0;0;0;0;0;0;0;0;0;0;0;0;0;0;0;0;0;0;0;0;0;0;0;11042;-11042;0;0;0;0;0;0;0;0;0;0;11042;-11042
95062900;0;0;0;0;0;0;0;0;0;0;0;0;0;0;0;0;0;0;0;0;0;0;0;0;0;1698;-1698;0;0;0;0;0;0;0;0;0;0;1698;-1698
95030039;0;0;0;0;0;0;0;0;0;0;0;0;0;0;0;0;0;0;0;0;0;0;0;0;0;17575;-17575;0;0;0;0;0;0;0;0;0;0;17575;-17575
90173010;0;0;0;0;1436;-1436;0;0;0;0;0;0;0;0;0;0;0;0;0;0;0;0;0;0;0;0;0;0;1459;-1459;0;0;0;0;0;0;0;2895;-2895
94051099;0;0;0;0;0;0;0;4132;-4132;0;0;0;0;0;0;0;0;0;0;0;0;0;0;0;0;0;0;0;0;0;0;12832;-12832;0;0;0;0;16964;-16964
39173229;0;0;0;0;0;0;0;0;0;0;0;0;0;0;0;0;0;0;0;0;0;0;0;0;0;0;0;0;0;0;0;0;0;0;76;-76;0;76;-76
85118090;0;0;0;0;0;0;0;0;0;0;0;0;0;0;0;0;0;0;0;0;0;0;0;0;0;5370;-5370;0;0;0;0;0;0;0;1776;-1776;0;7146;-7146
85030010;0;27185;-27185;0;0;0;0;0;0;0;0;0;0;0;0;0;0;0;0;0;0;0;0;0;0;0;0;0;0;0;0;0;0;0;0;0;0;27185;-27185
85131090;0;0;0;0;0;0;0;0;0;0;0;0;0;0;0;0;0;0;0;0;0;0;200;-200;0;0;0;0;0;0;0;0;0;0;0;0;0;200;-200
84463040;0;0;0;0;0;0;0;0;0;0;0;0;0;0;0;0;314470;-314470;0;0;0;0;0;0;0;0;0;0;0;0;0;0;0;0;0;0;0;314470;-314470
33074100;0;0;0;0;0;0;0;0;0;0;0;0;0;0;0;0;0;0;0;0;0;0;0;0;0;0;0;0;0;0;0;2192;-2192;0;0;0;0;2192;-2192
87038000;0;0;0;0;0;0;0;0;0;0;0;0;0;0;0;0;0;0;0;0;0;0;0;0;0;0;0;0;58108;-58108;0;0;0;0;0;0;0;58108;-58108
85072010;0;0;0;0;0;0;0;0;0;0;0;0;0;0;0;0;283;-283;0;0;0;0;0;0;0;0;0;0;0;0;0;0;0;0;0;0;0;283;-283
84224090;0;0;0;0;0;0;0;0;0;0;0;0;0;0;0;3353;0;3353;0;0;0;0;0;0;0;16372;-16372;0;0;0;0;0;0;0;0;0;3353;16372;-13019
84812019;0;0;0;0;0;0;0;0;0;0;0;0;0;0;0;0;9610;-9610;0;0;0;0;0;0;0;0;0;0;910;-910;0;0;0;0;0;0;0;10520;-10520
68151090;0;0;0;0;45;-45;0;0;0;0;0;0;0;0;0;0;0;0;0;0;0;0;0;0;0;0;0;0;0;0;0;0;0;0;0;0;0;45;-45
33021000;0;13453;-13453;0;0;0;0;0;0;0;0;0;0;0;0;0;0;0;0;0;0;0;0;0;41221;0;41221;0;0;0;0;0;0;0;0;0;41221;13453;27768
84213920;0;0;0;0;2376;-2376;0;0;0;0;0;0;0;0;0;0;0;0;0;0;0;0;0;0;0;0;0;0;0;0;0;0;0;0;0;0;0;2376;-2376
84378090;0;0;0;0;0;0;0;6711;-6711;0;0;0;0;0;0;0;0;0;0;0;0;0;0;0;0;0;0;0;0;0;0;0;0;0;0;0;0;6711;-6711
72022900;0;0;0;0;0;0;0;0;0;0;0;0;0;0;0;0;0;0;0;0;0;0;0;0;0;0;0;0;0;0;0;0;0;0;3380;-3380;0;3380;-3380
74191000;0;1040;-1040;0;0;0;0;0;0;0;0;0;0;0;0;0;0;0;0;0;0;0;0;0;0;0;0;0;0;0;0;0;0;0;0;0;0;1040;-1040
38160019;0;2908;-2908;0;0;0;0;0;0;0;0;0;0;0;0;0;0;0;0;0;0;0;0;0;0;0;0;0;0;0;0;0;0;0;0;0;0;2908;-2908
84099915;0;566;-566;0;0;0;0;0;0;0;0;0;0;0;0;0;0;0;0;0;0;0;0;0;0;0;0;0;0;0;0;0;0;0;0;0;0;566;-566
90269090;0;0;0;0;0;0;0;7104;-7104;0;0;0;0;0;0;0;0;0;0;11647;-11647;0;0;0;0;0;0;0;0;0;0;0;0;0;0;0;0;18751;-18751
82042000;0;0;0;0;0;0;0;0;0;0;0;0;0;0;0;0;0;0;0;0;0;0;678;-678;0;0;0;0;0;0;0;0;0;0;0;0;0;678;-678
63025300;0;0;0;0;0;0;0;0;0;0;0;0;0;583;-583;0;0;0;0;0;0;0;0;0;0;0;0;0;0;0;0;0;0;0;0;0;0;583;-583
85013210;0;0;0;0;0;0;0;0;0;0;0;0;0;0;0;0;1650;-1650;0;0;0;0;0;0;0;0;0;0;0;0;0;0;0;0;0;0;0;1650;-1650
87083090;0;0;0;0;29647;-29647;0;0;0;0;0;0;0;0;0;0;42858;-42858;0;0;0;0;0;0;0;3612;-3612;0;0;0;0;0;0;0;0;0;0;76117;-76117
38249941;0;0;0;0;0;0;0;0;0;0;0;0;0;0;0;0;0;0;0;69;-69;0;0;0;0;0;0;0;0;0;0;0;0;0;0;0;0;69;-69
84388090;0;0;0;0;0;0;0;0;0;0;0;0;0;0;0;0;0;0;0;0;0;0;5037;-5037;0;0;0;0;0;0;0;0;0;0;0;0;0;5037;-5037
40103300;0;0;0;0;0;0;0;0;0;0;0;0;0;0;0;0;0;0;0;0;0;0;904;-904;0;0;0;0;0;0;0;0;0;0;0;0;0;904;-904
84485110;0;0;0;0;0;0;0;0;0;0;0;0;0;0;0;0;0;0;0;0;0;0;0;0;0;0;0;0;0;0;0;1784;-1784;0;0;0;0;1784;-1784
40169590;0;0;0;0;0;0;0;0;0;0;0;0;0;0;0;0;0;0;0;0;0;0;0;0;0;0;0;0;0;0;0;10749;-10749;0;0;0;0;10749;-10749
48192000;0;0;0;0;0;0;0;0;0;0;0;0;0;0;0;0;0;0;0;0;0;0;0;0;0;0;0;0;0;0;0;348;-348;0;0;0;0;348;-348
39269069;0;0;0;0;0;0;0;0;0;0;0;0;0;0;0;0;349;-349;0;0;0;0;0;0;0;0;0;0;0;0;0;0;0;0;0;0;0;349;-349
85235190;0;0;0;0;0;0;0;190;-190;0;0;0;0;0;0;0;0;0;311;0;311;0;0;0;0;0;0;0;0;0;0;0;0;0;0;0;311;190;121
84518000;0;262631;-262631;0;0;0;0;0;0;0;0;0;0;0;0;0;0;0;0;0;0;0;0;0;0;0;0;0;0;0;0;0;0;0;0;0;0;262631;-262631
82081000;0;0;0;0;543;-543;0;0;0;0;0;0;0;0;0;0;0;0;147;0;147;0;0;0;0;0;0;0;0;0;0;0;0;0;0;0;147;543;-396
3038943;0;13543;-13543;0;0;0;0;0;0;0;0;0;0;0;0;0;0;0;0;0;0;0;0;0;0;0;0;0;0;0;0;0;0;0;0;0;0;13543;-13543
90328981;0;0;0;0;0;0;0;0;0;0;0;0;0;0;0;0;0;0;0;0;0;0;0;0;0;0;0;0;0;0;0;246;-246;0;0;0;0;246;-246
73089010;0;0;0;0;0;0;0;0;0;0;0;0;0;0;0;0;0;0;0;0;0;0;0;0;0;0;0;0;0;0;0;349;-349;0;0;0;0;349;-349
84629990;0;0;0;0;0;0;2139;0;2139;0;0;0;0;0;0;0;0;0;0;0;0;0;911129;-911129;0;0;0;0;0;0;0;0;0;0;0;0;2139;911129;-908990
90021190;0;0;0;0;2351;-2351;0;0;0;0;0;0;0;0;0;0;0;0;0;0;0;0;0;0;0;0;0;0;0;0;0;0;0;0;0;0;0;2351;-2351
84615090;0;3171;-3171;0;0;0;0;0;0;0;0;0;0;0;0;0;0;0;0;0;0;0;0;0;0;0;0;0;0;0;0;0;0;0;0;0;0;3171;-3171
68138190;0;972;-972;0;0;0;0;0;0;0;0;0;0;0;0;0;0;0;0;0;0;0;0;0;0;0;0;0;0;0;0;0;0;0;0;0;0;972;-972
94039010;0;0;0;0;0;0;0;0;0;0;0;0;0;0;0;0;0;0;0;0;0;0;0;0;0;0;0;0;0;0;0;822;-822;0;0;0;0;822;-822
54076900;0;0;0;0;0;0;0;4869;-4869;0;0;0;0;0;0;0;0;0;0;0;0;0;4968;-4968;0;0;0;0;0;0;0;0;0;0;0;0;0;9837;-9837
38249952;0;0;0;0;0;0;0;0;0;0;0;0;0;0;0;0;0;0;0;0;0;0;0;0;0;0;0;0;0;0;0;65196;-65196;0;0;0;0;65196;-65196
67049000;0;0;0;0;0;0;0;0;0;0;0;0;0;0;0;0;0;0;0;0;0;0;0;0;0;0;0;0;6313;-6313;0;0;0;0;0;0;0;6313;-6313
73043920;0;0;0;0;0;0;0;0;0;0;0;0;0;0;0;0;0;0;0;0;0;0;0;0;0;0;0;0;0;0;0;10746;-10746;0;0;0;0;10746;-10746
85232120;0;0;0;0;0;0;0;0;0;0;0;0;0;0;0;0;0;0;0;0;0;0;0;0;0;0;0;0;232;-232;0;0;0;0;0;0;0;232;-232
84828000;0;0;0;0;0;0;0;0;0;0;0;0;0;0;0;0;0;0;0;0;0;0;0;0;0;0;0;0;38;-38;0;0;0;0;0;0;0;38;-38
84099114;0;0;0;0;0;0;0;0;0;0;0;0;0;0;0;0;0;0;0;0;0;0;0;0;0;4035;-4035;0;0;0;0;0;0;0;0;0;0;4035;-4035
22041090;0;0;0;0;0;0;0;0;0;0;0;0;0;12472;-12472;0;0;0;0;0;0;0;0;0;0;0;0;0;0;0;0;0;0;0;0;0;0;12472;-12472
20094900;0;0;0;24812;0;24812;281887;21277;260610;171273;0;171273;231604;0;231604;41473;0;41473;93636;0;93636;0;0;0;40102;0;40102;139635;0;139635;79253;0;79253;225312;0;225312;1328987;21277;1307710
20021000;0;333;-333;0;0;0;0;0;0;0;3002;-3002;0;0;0;0;0;0;0;0;0;0;0;0;0;0;0;0;0;0;0;0;0;0;8281;-8281;0;11616;-11616
85118020;0;1571;-1571;0;0;0;0;0;0;0;0;0;0;0;0;0;0;0;0;0;0;0;0;0;0;0;0;0;0;0;0;0;0;0;0;0;0;1571;-1571
84622100;0;57766;-57766;0;0;0;0;0;0;0;0;0;0;0;0;0;0;0;0;0;0;0;0;0;0;0;0;0;0;0;0;0;0;0;0;0;0;57766;-57766
84822090;0;0;0;0;0;0;0;0;0;0;0;0;0;0;0;0;0;0;0;0;0;0;0;0;0;0;0;0;447;-447;0;0;0;0;0;0;0;447;-447
96139000;0;0;0;0;0;0;0;0;0;0;0;0;0;0;0;0;0;0;0;0;0;0;0;0;0;0;0;0;252;-252;0;0;0;0;0;0;0;252;-252
87149600;0;0;0;0;0;0;0;0;0;0;0;0;0;0;0;0;0;0;0;0;0;0;0;0;0;1204;-1204;0;0;0;0;0;0;0;0;0;0;1204;-1204
87089482;0;0;0;0;0;0;0;0;0;0;0;0;0;0;0;0;0;0;0;0;0;0;0;0;0;0;0;0;2190;-2190;0;0;0;0;0;0;0;2190;-2190
29299090;0;0;0;0;0;0;0;0;0;0;0;0;0;0;0;0;0;0;0;0;0;0;0;0;0;37559;-37559;0;75162;-75162;0;0;0;0;0;0;0;112721;-112721
85176292;0;0;0;0;0;0;0;423;-423;0;0;0;0;0;0;0;0;0;0;0;0;0;0;0;0;0;0;0;0;0;0;0;0;0;0;0;0;423;-423
39262000;143;0;143;0;973;-973;0;0;0;0;0;0;0;8500;-8500;0;0;0;0;0;0;0;0;0;0;0;0;0;0;0;0;0;0;0;0;0;143;9473;-9330
58110000;0;0;0;0;0;0;0;0;0;0;0;0;0;0;0;0;0;0;0;0;0;0;0;0;0;0;0;0;0;0;0;0;0;0;6902;-6902;0;6902;-6902
83063000;0;0;0;0;0;0;0;719;-719;0;0;0;0;0;0;0;0;0;0;0;0;0;0;0;0;0;0;0;0;0;0;0;0;0;0;0;0;719;-719
93033000;0;0;0;0;0;0;0;671;-671;0;0;0;0;0;0;0;0;0;0;0;0;0;0;0;0;0;0;0;0;0;0;0;0;0;0;0;0;671;-671
84138200;0;12398;-12398;0;0;0;0;0;0;0;0;0;0;0;0;0;0;0;0;0;0;0;0;0;0;0;0;0;0;0;0;0;0;0;0;0;0;12398;-12398
84251100;0;10409;-10409;0;0;0;0;0;0;0;0;0;0;0;0;0;0;0;0;0;0;0;0;0;0;0;0;0;0;0;0;0;0;0;0;0;0;10409;-10409
85072090;0;0;0;0;0;0;0;0;0;0;0;0;0;0;0;0;0;0;0;0;0;0;0;0;0;0;0;0;0;0;0;4753;-4753;0;0;0;0;4753;-4753
84179000;0;0;0;0;0;0;0;0;0;0;0;0;0;0;0;0;0;0;0;0;0;0;0;0;0;0;0;0;4625;-4625;0;0;0;0;0;0;0;4625;-4625
85064010;0;0;0;0;0;0;0;0;0;0;0;0;0;0;0;0;0;0;0;0;0;0;0;0;0;0;0;0;141;-141;0;0;0;0;0;0;0;141;-141
44199000;0;0;0;0;1094;-1094;0;0;0;0;0;0;0;0;0;0;0;0;0;0;0;0;0;0;0;0;0;0;0;0;0;0;0;0;0;0;0;1094;-1094
83030000;0;0;0;0;0;0;0;0;0;0;0;0;0;988;-988;0;0;0;0;0;0;0;0;0;0;0;0;0;0;0;0;0;0;0;0;0;0;988;-988
84122900;0;0;0;0;0;0;0;0;0;0;0;0;0;0;0;0;0;0;0;0;0;0;0;0;0;0;0;0;0;0;0;0;0;0;566;-566;0;566;-566
75089090;0;0;0;0;0;0;0;0;0;0;744;-744;0;0;0;0;0;0;0;0;0;0;0;0;0;0;0;0;0;0;0;0;0;0;0;0;0;744;-744
95030099;0;0;0;0;0;0;0;0;0;0;0;0;0;0;0;0;0;0;0;0;0;0;0;0;0;18361;-18361;0;0;0;0;0;0;0;0;0;0;18361;-18361
84451300;0;0;0;0;0;0;0;128326;-128326;0;0;0;0;0;0;0;0;0;0;0;0;0;0;0;0;0;0;0;0;0;0;0;0;0;0;0;0;128326;-128326
84454018;0;0;0;0;0;0;0;179020;-179020;0;0;0;0;0;0;0;0;0;0;0;0;0;0;0;0;0;0;0;0;0;0;0;0;0;0;0;0;179020;-179020
74081900;0;0;0;0;0;0;0;0;0;0;0;0;0;0;0;0;0;0;0;0;0;0;0;0;0;0;0;0;0;0;0;0;0;0;571;-571;0;571;-571
56022900;0;0;0;0;0;0;0;0;0;0;0;0;0;0;0;0;0;0;0;1381;-1381;0;0;0;0;0;0;0;0;0;0;0;0;0;0;0;0;1381;-1381
20091900;55120;0;55120;27560;0;27560;55120;0;55120;187670;0;187670;54070;0;54070;0;0;0;0;0;0;53462;0;53462;55120;0;55120;27560;0;27560;0;0;0;32110;0;32110;547792;0;547792
64029990;216039;0;216039;46136;0;46136;296296;0;296296;22760;0;22760;47050;0;47050;37446;0;37446;52476;0;52476;4654;0;4654;10954;0;10954;110659;0;110659;44003;0;44003;140641;0;140641;1029114;0;1029114
20091100;1479334;0;1479334;2375586;0;2375586;3024227;0;3024227;1860134;0;1860134;2061642;0;2061642;1378893;0;1378893;1599002;0;1599002;2878543;0;2878543;1116170;0;1116170;839683;0;839683;1056258;0;1056258;1051197;0;1051197;20720669;0;20720669
64041900;21877;0;21877;3607;0;3607;47196;0;47196;713;0;713;6227;0;6227;24920;0;24920;1394;0;1394;52;0;52;153;0;153;12894;0;12894;46233;0;46233;20674;0;20674;185940;0;185940
71039100;0;0;0;0;0;0;0;0;0;0;0;0;0;0;0;0;0;0;0;0;0;0;0;0;28416;0;28416;0;0;0;0;0;0;0;0;0;28416;0;28416
8055000;0;0;0;35352;0;35352;16589;0;16589;0;0;0;16392;0;16392;19184;0;19184;18725;0;18725;26820;0;26820;0;0;0;0;0;0;0;0;0;0;0;0;133062;0;133062
49089000;0;0;0;0;0;0;0;0;0;0;0;0;0;0;0;0;0;0;0;0;0;0;0;0;0;0;0;60;0;60;0;0;0;0;0;0;60;0;60
64039990;75441;0;75441;44796;0;44796;81553;0;81553;0;0;0;0;0;0;151081;0;151081;7029;0;7029;44159;0;44159;0;0;0;7452;0;7452;32286;0;32286;19785;0;19785;463582;0;463582
61046900;2586;0;2586;0;0;0;454;0;454;0;0;0;0;0;0;0;0;0;1304;0;1304;0;0;0;0;0;0;0;0;0;0;0;0;0;0;0;4344;0;4344
21069090;92883;0;92883;423356;0;423356;481520;0;481520;840702;0;840702;425839;0;425839;99613;0;99613;185310;0;185310;159612;0;159612;96742;0;96742;408933;0;408933;65291;0;65291;380019;0;380019;3659820;0;3659820
85161000;83023;0;83023;36141;0;36141;104098;0;104098;277721;0;277721;67244;0;67244;48900;0;48900;432089;0;432089;222597;0;222597;152766;0;152766;237592;0;237592;213720;0;213720;201591;0;201591;2077482;0;2077482
21069010;0;0;0;0;0;0;0;0;0;0;0;0;1302;0;1302;1460;0;1460;1379;0;1379;0;0;0;0;0;0;3804;0;3804;0;0;0;2382;0;2382;10327;0;10327
64021900;5821;0;5821;0;0;0;31145;0;31145;1531;0;1531;0;0;0;8605;0;8605;8790;0;8790;2327;0;2327;188;0;188;12211;0;12211;7684;0;7684;30093;0;30093;108395;0;108395
18063220;0;0;0;49083;0;49083;0;0;0;0;0;0;0;0;0;0;0;0;0;0;0;0;0;0;6746;0;6746;29732;0;29732;0;0;0;7437;0;7437;92998;0;92998
52081200;1907;0;1907;0;0;0;629;0;629;0;0;0;2852;0;2852;0;0;0;0;0;0;0;0;0;68582;0;68582;0;0;0;0;0;0;0;0;0;73970;0;73970
41041114;33269;0;33269;135169;0;135169;0;0;0;7899;0;7899;0;0;0;0;0;0;0;0;0;0;0;0;0;0;0;13711;0;13711;0;0;0;0;0;0;190048;0;190048
13021999;0;0;0;0;0;0;1917;0;1917;5381;0;5381;17858;0;17858;0;0;0;0;0;0;183237;0;183237;4237;0;4237;0;0;0;0;0;0;6890;0;6890;219520;0;219520
39232190;818;0;818;0;0;0;0;0;0;0;0;0;0;0;0;0;0;0;0;0;0;0;0;0;0;0;0;0;0;0;0;0;0;0;0;0;818;0;818
64041100;51708;0;51708;28485;0;28485;120835;0;120835;0;0;0;5349;0;5349;0;0;0;0;0;0;0;0;0;0;0;0;0;0;0;0;0;0;0;0;0;206377;0;206377
64039190;0;0;0;0;0;0;0;0;0;0;0;0;0;0;0;105105;0;105105;0;0;0;0;0;0;0;0;0;2100;0;2100;738;0;738;29235;0;29235;137178;0;137178
17019900;417340;0;417340;0;0;0;0;0;0;100921;0;100921;0;0;0;0;0;0;0;0;0;0;0;0;0;0;0;0;0;0;0;0;0;0;0;0;518261;0;518261
84515090;0;0;0;0;0;0;0;0;0;0;0;0;0;0;0;10527;0;10527;0;0;0;0;0;0;0;0;0;0;0;0;0;0;0;0;0;0;10527;0;10527
69072300;23926;0;23926;27936;0;27936;13699;0;13699;42279;0;42279;27588;0;27588;22428;0;22428;106730;0;106730;9898;0;9898;33017;0;33017;48408;0;48408;19012;0;19012;128998;0;128998;503919;0;503919
85167990;13;0;13;0;0;0;0;0;0;500;0;500;1800;0;1800;0;0;0;19393;0;19393;0;0;0;460;0;460;5960;0;5960;0;0;0;1960;0;1960;30086;0;30086
29021910;46523;0;46523;34936;0;34936;104326;0;104326;0;0;0;20693;0;20693;16643;0;16643;0;0;0;36261;0;36261;10294;0;10294;22474;0;22474;20225;0;20225;231624;0;231624;543999;0;543999
48101989;0;0;0;0;0;0;0;0;0;0;0;0;0;0;0;0;0;0;0;0;0;0;0;0;0;0;0;30;0;30;0;0;0;0;0;0;30;0;30
33049100;0;0;0;0;0;0;0;0;0;0;0;0;0;0;0;7243;0;7243;0;0;0;0;0;0;0;0;0;0;0;0;0;0;0;0;0;0;7243;0;7243
64029190;116;0;116;0;0;0;31094;0;31094;2406;0;2406;4548;0;4548;4082;0;4082;9646;0;9646;3538;0;3538;0;0;0;13846;0;13846;79;0;79;2684;0;2684;72039;0;72039
34011190;574;0;574;0;0;0;0;0;0;797;0;797;0;0;0;0;0;0;0;0;0;0;0;0;0;0;0;0;0;0;0;0;0;0;0;0;1371;0;1371
20098912;0;0;0;0;0;0;0;0;0;26460;0;26460;0;0;0;25213;0;25213;0;0;0;0;0;0;0;0;0;24836;0;24836;0;0;0;0;0;0;76509;0;76509
33011290;238768;0;238768;637611;0;637611;76257;0;76257;67387;0;67387;168120;0;168120;138336;0;138336;61620;0;61620;100224;0;100224;467199;0;467199;157260;0;157260;44550;0;44550;345381;0;345381;2502713;0;2502713
55161200;0;0;0;0;0;0;15817;0;15817;0;0;0;0;0;0;0;0;0;0;0;0;0;0;0;0;0;0;0;0;0;0;0;0;0;0;0;15817;0;15817
17049090;0;0;0;21091;0;21091;0;0;0;0;0;0;0;0;0;0;0;0;0;0;0;0;0;0;3442;0;3442;4258;0;4258;0;0;0;3774;0;3774;32565;0;32565
20098990;0;0;0;0;0;0;0;0;0;0;0;0;0;0;0;0;0;0;3703;0;3703;0;0;0;0;0;0;299;0;299;0;0;0;0;0;0;4002;0;4002
48219000;0;0;0;0;0;0;501;0;501;0;0;0;0;0;0;0;0;0;0;0;0;0;0;0;0;0;0;0;0;0;0;0;0;0;0;0;501;0;501
52082200;0;0;0;0;0;0;4861;0;4861;0;0;0;1002;0;1002;0;0;0;0;0;0;0;0;0;0;0;0;0;0;0;0;0;0;0;0;0;5863;0;5863
33072010;2483;0;2483;0;0;0;0;0;0;3503;0;3503;4098;0;4098;0;0;0;0;0;0;1589;0;1589;0;0;0;1409;0;1409;1150;0;1150;0;0;0;14232;0;14232
17049010;0;0;0;184;0;184;0;0;0;0;0;0;0;0;0;0;0;0;0;0;0;0;0;0;0;0;0;0;0;0;0;0;0;0;0;0;184;0;184
54076100;3710;0;3710;0;0;0;2524;0;2524;0;0;0;0;0;0;0;0;0;0;0;0;0;0;0;0;0;0;0;0;0;0;0;0;0;0;0;6234;0;6234
41041119;0;0;0;0;0;0;0;0;0;29671;0;29671;0;0;0;0;0;0;23037;0;23037;0;0;0;42328;0;42328;19051;0;19051;3288;0;3288;0;0;0;117375;0;117375
48025592;965;0;965;0;0;0;245;0;245;0;0;0;0;0;0;0;0;0;0;0;0;0;0;0;23;0;23;35;0;35;0;0;0;0;0;0;1268;0;1268
72044900;0;0;0;0;0;0;0;0;0;0;0;0;0;0;0;0;0;0;0;0;0;0;0;0;0;0;0;5686;0;5686;0;0;0;0;0;0;5686;0;5686
20091200;0;0;0;0;0;0;0;0;0;0;0;0;0;0;0;0;0;0;0;0;0;0;0;0;178460;0;178460;107842;0;107842;89006;0;89006;79531;0;79531;454839;0;454839
84522120;0;0;0;0;0;0;0;0;0;0;0;0;0;0;0;0;0;0;0;0;0;0;0;0;2452;0;2452;0;0;0;0;0;0;0;0;0;2452;0;2452
52101100;0;0;0;0;0;0;0;0;0;0;0;0;0;0;0;5524;0;5524;0;0;0;0;0;0;0;0;0;0;0;0;0;0;0;0;0;0;5524;0;5524
81129900;0;0;0;0;0;0;0;0;0;0;0;0;0;0;0;0;0;0;0;0;0;0;0;0;0;0;0;477;0;477;0;0;0;0;0;0;477;0;477
18063210;0;0;0;1900;0;1900;0;0;0;0;0;0;0;0;0;0;0;0;0;0;0;0;0;0;395;0;395;322;0;322;0;0;0;373;0;373;2990;0;2990
52051200;0;0;0;0;0;0;36655;0;36655;0;0;0;83154;0;83154;0;0;0;0;0;0;0;0;0;0;0;0;0;0;0;0;0;0;0;0;0;119809;0;119809
58071000;1058;0;1058;0;0;0;215;0;215;0;0;0;0;0;0;0;0;0;0;0;0;0;0;0;489;0;489;1789;0;1789;0;0;0;0;0;0;3551;0;3551
73170090;0;0;0;0;0;0;0;0;0;0;0;0;0;0;0;0;0;0;0;0;0;65;0;65;0;0;0;0;0;0;0;0;0;0;0;0;65;0;65
48043190;0;0;0;0;0;0;0;0;0;0;0;0;0;0;0;0;0;0;0;0;0;0;0;0;56;0;56;0;0;0;0;0;0;0;0;0;56;0;56
41041124;0;0;0;0;0;0;126464;0;126464;0;0;0;0;0;0;0;0;0;44932;0;44932;175142;0;175142;178715;0;178715;106859;0;106859;194160;0;194160;0;0;0;826272;0;826272
55081000;3747;0;3747;0;0;0;405;0;405;0;0;0;0;0;0;0;0;0;0;0;0;0;0;0;24659;0;24659;1268;0;1268;0;0;0;0;0;0;30079;0;30079
56031190;169;0;169;0;0;0;22;0;22;0;0;0;0;0;0;0;0;0;0;0;0;0;0;0;0;0;0;0;0;0;0;0;0;0;0;0;191;0;191
84148012;0;0;0;0;0;0;0;0;0;0;0;0;0;0;0;0;0;0;0;0;0;0;0;0;0;0;0;0;0;0;0;0;0;19576;0;19576;19576;0;19576
84459090;0;0;0;0;0;0;0;0;0;0;0;0;0;0;0;0;0;0;0;0;0;0;0;0;126000;0;126000;0;0;0;0;0;0;72000;0;72000;198000;0;198000
96062100;867;0;867;0;0;0;539;0;539;0;0;0;0;0;0;0;0;0;0;0;0;0;0;0;0;0;0;149;0;149;0;0;0;0;0;0;1555;0;1555
32091020;0;0;0;0;0;0;0;0;0;0;0;0;0;0;0;0;0;0;0;0;0;0;0;0;0;0;0;0;0;0;0;0;0;40;0;40;40;0;40
84529093;0;0;0;0;0;0;0;0;0;0;0;0;0;0;0;0;0;0;0;0;0;0;0;0;499;0;499;0;0;0;0;0;0;0;0;0;499;0;499
63053390;0;0;0;0;0;0;0;0;0;0;0;0;0;0;0;1125;0;1125;0;0;0;0;0;0;3112;0;3112;0;0;0;0;0;0;0;0;0;4237;0;4237
56031240;604;0;604;0;0;0;397;0;397;0;0;0;0;0;0;0;0;0;0;0;0;0;0;0;0;0;0;0;0;0;0;0;0;0;0;0;1001;0;1001
56012219;0;0;0;7792;0;7792;6318;0;6318;0;0;0;0;0;0;7020;0;7020;0;0;0;0;0;0;0;0;0;0;0;0;0;0;0;0;0;0;21130;0;21130
85169000;146;0;146;0;0;0;141;0;141;0;0;0;0;0;0;0;0;0;513;0;513;0;0;0;0;0;0;0;0;0;2;0;2;24;0;24;826;0;826
47079000;129;0;129;0;0;0;0;0;0;0;0;0;0;0;0;0;0;0;0;0;0;0;0;0;0;0;0;0;0;0;0;0;0;0;0;0;129;0;129
84463030;0;0;0;0;0;0;200000;0;200000;0;0;0;0;0;0;0;0;0;0;0;0;0;0;0;0;0;0;0;0;0;0;0;0;0;0;0;200000;0;200000
20093100;0;0;0;0;0;0;8424;0;8424;16104;0;16104;0;0;0;0;0;0;0;0;0;0;0;0;0;0;0;16021;0;16021;0;0;0;0;0;0;40549;0;40549
61091000;112;0;112;0;0;0;0;0;0;0;0;0;0;0;0;0;0;0;0;0;0;0;0;0;0;0;0;0;0;0;0;0;0;0;0;0;112;0;112
48211000;850;0;850;0;0;0;4;0;4;0;0;0;0;0;0;0;0;0;0;0;0;0;0;0;0;0;0;410;0;410;0;0;0;0;0;0;1264;0;1264
55161400;8273;0;8273;0;0;0;10483;0;10483;0;0;0;0;0;0;0;0;0;0;0;0;0;0;0;0;0;0;0;0;0;0;0;0;0;0;0;18756;0;18756
61044200;855;0;855;0;0;0;0;0;0;0;0;0;0;0;0;0;0;0;0;0;0;0;0;0;0;0;0;0;0;0;0;0;0;0;0;0;855;0;855
62111200;64371;0;64371;0;0;0;10808;0;10808;0;0;0;7468;0;7468;0;0;0;16405;0;16405;0;0;0;0;0;0;0;0;0;0;0;0;20484;0;20484;119536;0;119536
59019000;3858;0;3858;0;0;0;0;0;0;0;0;0;0;0;0;0;0;0;0;0;0;0;0;0;0;0;0;0;0;0;0;0;0;0;0;0;3858;0;3858
49111090;0;0;0;0;0;0;0;0;0;0;0;0;0;0;0;174;0;174;0;0;0;0;0;0;0;0;0;0;0;0;0;0;0;0;0;0;174;0;174
54078300;14029;0;14029;0;0;0;0;0;0;0;0;0;0;0;0;0;0;0;0;0;0;0;0;0;0;0;0;0;0;0;0;0;0;0;0;0;14029;0;14029
48114190;79;0;79;0;0;0;0;0;0;0;0;0;0;0;0;0;0;0;0;0;0;0;0;0;0;0;0;0;0;0;0;0;0;0;0;0;79;0;79
52083100;7716;0;7716;0;0;0;0;0;0;0;0;0;0;0;0;0;0;0;0;0;0;0;0;0;0;0;0;0;0;0;0;0;0;0;0;0;7716;0;7716
62069000;1986;0;1986;0;0;0;500;0;500;0;0;0;0;0;0;0;0;0;2543;0;2543;0;0;0;0;0;0;0;0;0;0;0;0;0;0;0;5029;0;5029
62063000;3760;0;3760;0;0;0;0;0;0;0;0;0;0;0;0;0;0;0;0;0;0;0;0;0;0;0;0;0;0;0;0;0;0;0;0;0;3760;0;3760
55134100;0;0;0;0;0;0;0;0;0;0;0;0;0;0;0;3050;0;3050;0;0;0;0;0;0;0;0;0;0;0;0;0;0;0;0;0;0;3050;0;3050
18050000;0;0;0;0;0;0;0;0;0;0;0;0;0;0;0;0;0;0;0;0;0;0;0;0;0;0;0;0;0;0;3664;0;3664;0;0;0;3664;0;3664
61062000;2415;0;2415;0;0;0;0;0;0;0;0;0;0;0;0;0;0;0;0;0;0;0;0;0;0;0;0;0;0;0;0;0;0;0;0;0;2415;0;2415
72042100;4356;0;4356;0;0;0;0;0;0;0;0;0;0;0;0;0;0;0;0;0;0;0;0;0;0;0;0;0;0;0;0;0;0;0;0;0;4356;0;4356
39201010;0;0;0;0;0;0;0;0;0;0;0;0;0;0;0;0;0;0;0;0;0;0;0;0;0;0;0;100;0;100;0;0;0;0;0;0;100;0;100
52051100;0;0;0;0;0;0;0;0;0;0;0;0;0;0;0;0;0;0;0;0;0;0;0;0;36849;0;36849;0;0;0;0;0;0;0;0;0;36849;0;36849
84515020;0;0;0;0;0;0;356;0;356;0;0;0;0;0;0;0;0;0;0;0;0;0;0;0;0;0;0;0;0;0;0;0;0;0;0;0;356;0;356
18061000;0;0;0;0;0;0;0;0;0;0;0;0;0;0;0;0;0;0;0;0;0;0;0;0;0;0;0;0;0;0;27271;0;27271;0;0;0;27271;0;27271
85423919;0;0;0;0;0;0;0;0;0;0;0;0;0;0;0;0;0;0;0;0;0;0;0;0;1353;0;1353;0;0;0;0;0;0;0;0;0;1353;0;1353
71081310;12573;0;12573;0;0;0;0;0;0;0;0;0;0;0;0;0;0;0;0;0;0;0;0;0;0;0;0;0;0;0;0;0;0;0;0;0;12573;0;12573
